levelId,nbSentries,nbTrees,totalEnergy,heightGap,maxJump,codeST
0,1,16,30,0,22,63589488
1,1,17,31,0,23,26657424
2,1,19,33,1,21,70473693
3,1,11,25,0,17,48626791
4,1,23,37,0,29,94241566
5,1,22,36,0,28,21614821
6,1,22,36,0,28,45151883
7,1,13,27,0,19,49219629
8,1,14,28,0,20,77755547
9,1,24,38,0,30,78405956
10,2,26,43,0,35,08787481
11,2,15,32,0,24,54538086
12,2,24,41,0,33,96086475
13,2,16,33,0,25,71664005
14,2,20,37,0,29,86076867
15,2,25,42,0,34,19876496
16,2,13,30,0,22,44545550
17,2,18,35,0,27,38796274
18,2,20,37,0,29,71163975
19,2,22,39,0,31,29887600
20,3,22,42,0,34,77650927
21,3,22,42,0,34,96179589
22,3,26,46,0,38,59403787
23,2,22,39,0,31,77974837
24,2,24,41,1,29,36971075
25,3,30,50,0,42,05993719
26,3,18,38,0,30,74454072
27,3,25,45,0,37,75256057
28,2,20,37,0,29,98248747
29,3,14,34,0,26,03913986
30,3,14,34,0,26,98926298
31,2,16,33,0,25,29764687
32,4,25,48,0,40,87717819
33,1,25,39,0,31,77669404
34,1,30,44,0,36,56736905
35,4,20,43,0,35,92867041
36,2,25,42,1,30,40486766
37,3,12,32,1,20,06856789
38,2,19,36,0,28,65506867
39,3,31,51,0,43,96740418
40,5,20,46,0,38,18854704
41,4,25,48,1,36,96756579
42,2,12,29,0,21,67887349
43,3,26,46,0,38,40658770
44,3,18,38,0,30,65464697
45,2,22,39,0,31,18159455
46,4,18,41,0,33,78387688
47,1,20,34,0,26,88946757
48,4,31,54,1,42,57765168
49,2,22,39,0,31,88899484
50,2,26,43,0,35,88877661
51,3,24,44,1,32,63819469
52,1,22,36,0,28,59548975
53,6,22,51,2,35,52308715
54,6,17,46,0,38,68599814
55,1,23,37,0,29,08182275
56,3,26,46,0,38,57851443
57,2,18,35,0,27,59446976
58,3,29,49,0,41,65855947
59,2,25,42,0,34,48439574
60,7,15,47,0,39,65155664
61,1,17,31,1,19,88694974
62,3,24,44,0,36,97656787
63,2,17,34,0,26,48880589
64,2,24,41,0,33,44491140
65,3,18,38,0,30,94634608
66,1,20,34,0,26,49396615
67,6,19,48,0,40,96955912
68,1,18,32,0,24,21433764
69,5,24,50,1,38,55454794
70,3,26,46,0,38,62793765
71,2,26,43,0,35,33586247
72,4,22,45,0,37,69634783
73,2,25,42,0,34,39364093
74,3,17,37,0,29,86447909
75,4,28,51,0,43,29267906
76,2,19,36,0,28,12852574
77,3,12,32,0,24,65656266
78,2,16,33,0,25,70673552
79,3,22,42,0,34,06932271
80,2,25,42,0,34,88696595
81,3,15,35,0,27,22607536
82,3,19,39,0,31,62976709
83,4,29,52,0,44,43977196
84,4,25,48,0,40,56487688
85,2,27,44,0,36,92889540
86,3,14,34,0,26,02166969
87,2,13,30,0,22,98394169
88,3,24,44,0,36,69572284
89,2,16,33,1,21,39188647
90,1,12,26,0,18,23588937
91,6,19,48,0,40,12415634
92,2,19,36,0,28,58859477
93,3,18,38,0,30,33282125
94,3,20,40,0,32,28294994
95,2,28,45,0,37,99348357
96,3,22,42,1,30,51080925
97,1,28,42,0,34,74976881
98,5,18,44,0,36,26458581
99,1,28,42,0,34,56157984
100,4,28,51,0,43,91680888
101,4,20,43,0,35,87354969
102,3,14,34,0,26,53304135
103,2,28,45,0,37,73766948
104,2,14,31,0,23,31686498
105,3,22,42,0,34,06645859
106,1,25,39,0,31,57649461
107,4,30,53,0,45,74733891
108,2,16,33,0,25,70431969
109,4,28,51,0,43,75410975
110,3,15,35,0,27,99947605
111,2,12,29,1,17,35112835
112,5,28,54,0,46,92945892
113,1,29,43,1,31,48996484
114,1,17,31,0,23,80913692
115,5,26,52,1,40,59549907
116,2,30,47,0,39,88667257
117,3,28,48,0,40,91616565
118,2,20,37,0,29,95959716
119,3,30,50,0,42,79854657
120,1,22,36,0,28,35645495
121,5,23,49,0,41,62551403
122,2,21,38,0,30,64869119
123,3,14,34,0,26,17135529
124,3,26,46,0,38,47578848
125,2,18,35,0,27,59189224
126,5,28,54,0,46,95458538
127,1,24,38,0,30,97855185
128,6,18,47,0,39,57240068
129,1,18,32,1,20,14553746
130,2,15,32,0,24,14139294
131,3,26,46,0,38,81468485
132,2,21,38,1,26,78246737
133,4,12,35,0,27,68807895
134,4,15,38,0,30,58608886
135,3,21,41,0,33,44719924
136,3,27,47,0,39,96456855
137,2,14,31,2,15,81076336
138,3,28,48,0,40,60566597
139,2,16,33,0,25,88516594
140,5,21,47,0,39,84891485
141,1,16,30,0,22,28959534
142,3,23,43,0,35,49652969
143,2,30,47,0,39,57921424
144,2,16,33,0,25,64558555
145,3,13,33,0,25,36864458
146,1,31,45,0,37,13081446
147,5,22,48,0,40,65843767
148,1,26,40,0,32,59886295
149,6,19,48,1,36,57230658
150,3,19,39,0,31,21928584
151,2,15,32,0,24,97650365
152,4,28,51,0,43,59847059
153,2,17,34,0,26,89284482
154,3,24,44,0,36,85594556
155,4,21,44,0,36,88454809
156,2,30,47,0,39,99076986
157,3,16,36,0,28,69748378
158,2,26,43,0,35,48566274
159,3,13,33,0,25,45462773
160,4,28,51,0,43,73959799
161,4,25,48,0,40,97676649
162,2,28,45,0,37,87804759
163,3,23,43,0,35,67855936
164,3,26,46,0,38,05934741
165,2,19,36,0,28,48944963
166,4,21,44,0,36,22667494
167,2,18,35,0,27,15718558
168,4,10,33,0,25,64998798
169,2,28,45,0,37,97551947
170,2,32,49,0,41,50321244
171,3,23,43,0,35,58788589
172,1,17,31,0,23,69128576
173,5,29,55,0,47,15899488
174,5,26,52,0,44,08492687
175,1,15,29,0,21,76736006
176,3,20,40,0,32,58974657
177,2,20,37,0,29,59705841
178,3,15,35,0,27,48025167
179,2,21,38,0,30,56972953
180,3,18,38,0,30,64160884
181,2,12,29,0,21,37845891
182,5,22,48,0,40,88765172
183,1,17,31,0,23,07651631
184,1,16,30,0,22,65675799
185,5,26,52,0,44,93086748
186,2,17,34,0,26,18945274
187,3,29,49,0,41,93445012
188,2,23,40,0,32,65498447
189,3,24,44,0,36,28735037
190,4,16,39,1,27,03271166
191,3,13,33,0,25,68092281
192,3,21,41,0,33,16078163
193,2,17,34,0,26,47714471
194,2,20,37,0,29,99362048
195,3,24,44,0,36,19266776
196,4,24,47,0,39,59785957
197,4,21,44,0,36,65968372
198,3,31,51,1,39,81781958
199,4,24,47,0,39,00964887
200,1,23,37,0,29,85076349
201,5,25,51,0,43,98459723
202,2,29,46,1,34,71726965
203,3,19,39,0,31,48526137
204,3,22,42,0,34,98676767
205,2,12,29,0,21,91852058
206,5,20,46,1,34,92896748
207,1,26,40,0,32,98296380
208,6,21,50,1,38,57334795
209,1,11,25,1,13,33558725
210,2,20,37,1,25,28978875
211,3,30,50,1,38,92681647
212,3,23,43,0,35,34766886
213,4,26,49,0,41,81547765
214,4,13,36,0,28,69480644
215,4,27,50,1,38,28687477
216,3,32,52,0,44,48028888
217,2,26,43,0,35,39648930
218,3,30,50,0,42,86447208
219,2,30,47,0,39,99678255
220,4,29,52,1,40,14369443
221,3,31,51,1,39,83391958
222,3,24,44,0,36,57597513
223,2,21,38,0,30,44677615
224,2,29,46,0,38,57456596
225,3,28,48,0,40,85257467
226,2,24,41,0,33,75698837
227,4,20,43,0,35,69444673
228,1,20,34,0,26,45950716
229,4,19,42,0,34,54974945
230,3,15,35,0,27,53099462
231,2,17,34,0,26,76799664
232,5,23,49,0,41,26595997
233,1,28,42,1,30,09877081
234,1,20,34,0,26,98874545
235,5,27,53,0,45,09829063
236,2,26,43,1,31,09618892
237,3,25,45,0,37,72814583
238,2,16,33,0,25,20064636
239,3,23,43,0,35,37446665
240,3,20,40,0,32,07124736
241,4,24,47,0,39,39419779
242,2,23,40,0,32,54856945
243,3,20,40,0,32,56548184
244,3,15,35,0,27,17552988
245,2,23,40,0,32,71793627
246,4,20,43,0,35,85515826
247,2,16,33,0,25,74826865
248,4,25,48,1,36,01711254
249,4,17,40,0,32,37038628
250,2,19,36,0,28,84836901
251,3,22,42,0,34,86684580
252,1,20,34,0,26,64264498
253,5,15,41,0,33,55079410
254,5,25,51,0,43,98970049
255,1,24,38,0,30,06864565
256,3,26,46,0,38,44658766
257,2,26,43,0,35,55945494
258,3,18,38,0,30,41797774
259,2,10,27,0,19,46247422
260,5,22,48,0,40,39778865
261,1,25,39,0,31,92970907
262,3,30,50,1,38,31877105
263,2,19,36,0,28,84979364
264,2,19,36,0,28,43281044
265,3,25,45,0,37,86747475
266,1,11,25,0,17,26199583
267,5,28,54,0,46,21622814
268,1,13,27,0,19,97709346
269,6,29,58,0,50,95426941
270,3,16,36,1,24,94040581
271,2,21,38,0,30,93908966
272,4,24,47,1,35,89319746
273,1,17,31,0,23,43508976
274,5,21,47,0,39,78886059
275,4,27,50,0,42,74875757
276,2,12,29,0,21,21686568
277,3,18,38,0,30,87556076
278,2,18,35,0,27,22740064
279,3,14,34,0,26,66777994
280,2,21,38,0,30,49841782
281,3,20,40,1,28,42067524
282,5,30,56,0,48,89762683
283,4,24,47,0,39,86035280
284,4,17,40,1,28,28867866
285,1,23,37,0,29,72487397
286,3,18,38,0,30,70575649
287,2,18,35,0,27,99566767
288,3,15,35,0,27,09678981
289,2,24,41,1,29,81727452
290,1,21,35,1,23,01447908
291,5,19,45,0,37,55348418
292,2,14,31,0,23,71968546
293,3,17,37,0,29,47567544
294,3,30,50,0,42,03379774
295,2,28,45,0,37,22669784
296,5,28,54,0,46,69823337
297,1,17,31,0,23,87726753
298,7,19,51,0,43,53476943
299,1,12,26,1,14,64543114
300,4,23,46,1,34,42384717
301,3,23,43,0,35,34695816
302,3,21,41,0,33,64656793
303,2,26,43,0,35,35709486
304,2,17,34,0,26,88889448
305,3,23,43,0,35,89248617
306,2,19,36,0,28,79775276
307,4,15,38,0,30,86448155
308,2,20,37,0,29,05229436
309,4,25,48,0,40,52099960
310,3,24,44,0,36,61905745
311,2,17,34,1,22,44814539
312,4,22,45,0,37,95065874
313,1,23,37,0,29,62273227
314,1,19,33,1,21,05546356
315,6,15,44,1,32,06174034
316,2,14,31,0,23,90862665
317,3,19,39,1,27,25508427
318,2,19,36,0,28,74665863
319,3,27,47,0,39,69820216
320,1,23,37,0,29,71378655
321,7,21,53,0,45,92348107
322,2,24,41,0,33,74099099
323,3,19,39,0,31,65486124
324,3,16,36,0,28,42525786
325,2,22,39,1,27,54470344
326,6,25,54,1,42,54464476
327,1,20,34,0,26,72965504
328,5,28,54,0,46,47650633
329,1,20,34,1,22,87198094
330,2,22,39,0,31,74164546
331,3,13,33,0,25,88687645
332,1,26,40,0,32,42281874
333,4,23,46,0,38,93608287
334,4,22,45,0,37,29598074
335,7,21,53,0,45,61440960
336,3,28,48,0,40,83246440
337,2,20,37,0,29,95266514
338,3,24,44,0,36,90838647
339,2,17,34,0,26,32715474
340,8,24,59,0,51,90958964
341,1,28,42,0,34,65872788
342,3,25,45,0,37,76891889
343,2,15,32,0,24,09768648
344,2,23,40,1,28,85755751
345,3,28,48,0,40,67464959
346,1,29,43,1,31,81019194
347,6,16,45,0,37,65499462
348,1,31,45,0,37,66718592
349,5,18,44,0,36,53377707
350,3,20,40,0,32,50740810
351,2,29,46,0,38,45422472
352,4,20,43,0,35,64145688
353,1,25,39,0,31,95574461
354,4,28,51,0,43,27482240
355,4,21,44,1,32,95662765
356,2,19,36,0,28,58293985
357,3,19,39,0,31,44985478
358,2,17,34,0,26,75252809
359,3,23,43,0,35,46077508
360,3,19,39,0,31,54777313
361,4,30,53,0,45,64983104
362,2,29,46,0,38,75624884
363,3,17,37,0,29,25488064
364,3,23,43,0,35,90488047
365,2,26,43,0,35,18654930
366,4,23,46,1,34,72095535
367,2,32,49,0,41,43540551
368,4,15,38,0,30,50466448
369,1,15,29,0,21,66474945
370,2,24,41,0,33,58494841
371,3,16,36,0,28,81448726
372,1,27,41,0,33,69459725
373,7,19,51,0,43,89664975
374,6,17,46,0,38,68490628
375,1,23,37,0,29,42545683
376,3,19,39,0,31,71305412
377,2,17,34,0,26,76454928
378,3,22,42,0,34,95877915
379,2,13,30,0,22,75237575
380,3,15,35,0,27,18797116
381,2,31,48,0,40,98795541
382,6,27,56,0,48,33663121
383,1,18,32,1,20,27521285
384,1,22,36,0,28,72997226
385,8,24,59,0,51,63344288
386,2,16,33,0,25,89644479
387,3,11,31,0,23,38888476
388,2,16,33,1,21,06396628
389,3,23,43,0,35,87980599
390,4,25,48,0,40,90597087
391,2,20,37,1,25,68855538
392,3,25,45,1,33,96271763
393,2,32,49,0,41,65428328
394,2,20,37,0,29,73464697
395,3,23,43,1,31,66526446
396,3,16,36,0,28,59145076
397,4,17,40,0,32,48621974
398,5,27,53,0,45,82207787
399,4,18,41,0,33,93288616
400,2,20,37,1,25,98198552
401,4,20,43,0,35,41852465
402,2,17,34,0,26,83778425
403,3,15,35,0,27,13492684
404,3,20,40,0,32,51345425
405,2,25,42,0,34,62187879
406,4,22,45,0,37,25259244
407,3,17,37,0,29,79931183
408,4,25,48,0,40,13604592
409,7,16,48,0,40,57770476
410,2,17,34,0,26,57176096
411,3,23,43,0,35,43557695
412,1,26,40,1,28,82897777
413,5,19,45,0,37,79559455
414,5,23,49,0,41,29976936
415,1,17,31,0,23,79658316
416,3,28,48,1,36,99508761
417,2,12,29,0,21,50196706
418,3,14,34,0,26,89355564
419,2,22,39,0,31,27870365
420,5,17,43,0,35,84676579
421,1,25,39,0,31,73469535
422,3,30,50,0,42,68262424
423,2,22,39,0,31,53667119
424,2,23,40,0,32,70525385
425,3,24,44,0,36,94598959
426,1,26,40,0,32,97760297
427,5,15,41,0,33,59496980
428,1,21,35,0,27,74833688
429,7,25,57,1,45,31080937
430,3,21,41,0,33,95579883
431,2,23,40,0,32,52711345
432,4,23,46,0,38,67799235
433,4,16,39,2,23,85785649
434,2,26,43,0,35,65913825
435,4,24,47,0,39,87147643
436,2,14,31,0,23,69517324
437,3,29,49,0,41,62466744
438,2,11,28,0,20,82565555
439,3,25,45,0,37,14582825
440,1,17,31,1,19,40702989
441,5,12,38,0,30,47987732
442,2,21,38,0,30,15687207
443,3,25,45,0,37,19259365
444,3,17,37,0,29,02846477
445,2,25,42,0,34,58879147
446,5,22,48,0,40,24545148
447,1,25,39,0,31,69188267
448,1,29,43,0,35,88941050
449,1,30,44,0,36,95075850
450,2,22,39,0,31,65043385
451,3,25,45,0,37,56664574
452,5,24,50,1,38,78415783
453,4,19,42,0,34,80014676
454,4,19,42,0,34,91562219
455,1,20,34,0,26,37556126
456,3,19,39,1,27,98872486
457,2,21,38,1,26,78774628
458,3,21,41,0,33,69586780
459,2,19,36,0,28,69884342
460,4,21,44,0,36,58549768
461,2,25,42,1,30,66377267
462,3,20,40,0,32,22777976
463,2,17,34,0,26,04274266
464,2,22,39,0,31,56609801
465,3,32,52,0,44,35866911
466,3,22,42,0,34,76658841
467,4,18,41,0,33,71729561
468,4,25,48,0,40,37747587
469,4,31,54,0,46,48451743
470,3,20,40,0,32,94849391
471,2,32,49,0,41,45608736
472,5,19,45,0,37,66267546
473,1,25,39,0,31,79596777
474,1,25,39,0,31,90605428
475,5,26,52,0,44,30743602
476,2,28,45,0,37,07846457
477,3,17,37,0,29,79707507
478,2,21,38,0,30,31841695
479,3,25,45,0,37,74164466
480,2,23,40,0,32,25199474
481,3,26,46,0,38,48746767
482,1,20,34,1,22,66045993
483,5,30,56,0,48,93838973
484,5,23,49,0,41,54994932
485,1,18,32,0,24,45486887
486,3,28,48,0,40,37278886
487,2,27,44,0,36,78015132
488,3,20,40,0,32,60967455
489,2,29,46,0,38,66368310
490,3,11,31,0,23,89468192
491,4,29,52,0,44,36996947
492,2,22,39,1,27,93250504
493,3,20,40,0,32,64015494
494,3,16,36,0,28,18691456
495,2,20,37,0,29,84645259
496,4,12,35,0,27,82587915
497,2,19,36,1,24,68690104
498,4,25,48,0,40,67165789
499,4,19,42,0,34,84559763
500,6,20,49,0,41,82637744
501,1,27,41,0,33,60664655
502,3,14,34,1,22,74989956
503,2,11,28,0,20,19900877
504,2,30,47,1,35,66602758
505,3,21,41,0,33,34470505
506,1,21,35,0,27,49970513
507,7,20,52,0,44,61743526
508,1,27,41,0,33,25654495
509,5,21,47,0,39,14688462
510,3,22,42,1,30,02696479
511,2,17,34,0,26,41563422
512,4,25,48,1,36,74165568
513,7,17,49,0,41,82152676
514,1,27,41,0,33,56507446
515,4,17,40,0,32,24518554
516,2,23,40,0,32,11842058
517,3,26,46,0,38,09046189
518,2,16,33,0,25,56857824
519,3,22,42,0,34,27744921
520,2,21,38,1,26,81196933
521,4,11,34,0,26,91743755
522,2,28,45,1,33,58772998
523,3,22,42,0,34,17569749
524,3,15,35,1,23,57244645
525,2,19,36,0,28,55589547
526,4,24,47,1,35,95891482
527,3,28,48,0,40,73398827
528,4,25,48,0,40,09791792
529,4,28,51,0,43,46406179
530,2,25,42,0,34,91765224
531,3,24,44,0,36,84642429
532,1,16,30,0,22,04599852
533,6,21,50,1,38,64086685
534,4,11,34,0,26,75504257
535,1,24,38,0,30,24959847
536,3,16,36,1,24,24585740
537,2,17,34,0,26,19155294
538,3,23,43,0,35,37762154
539,2,13,30,0,22,90731243
540,4,16,39,0,31,97850519
541,2,23,40,0,32,67508856
542,3,14,34,0,26,83842731
543,2,20,37,0,29,45961545
544,2,26,43,1,31,98556634
545,3,15,35,0,27,34666638
546,3,21,41,0,33,33972766
547,4,25,48,0,40,44847744
548,5,17,43,0,35,44639474
549,4,24,47,0,39,59866434
550,3,11,31,0,23,94886207
551,2,18,35,0,27,47688974
552,6,17,46,0,38,55218068
553,1,16,30,0,22,74575044
554,1,17,31,0,23,24426718
555,7,19,51,1,39,27539305
556,2,20,37,0,29,45411745
557,3,16,36,0,28,44391945
558,2,26,43,0,35,06857476
559,3,18,38,0,30,95703956
560,1,14,28,0,20,05389414
561,6,21,50,0,42,27235983
562,2,28,45,0,37,03277576
563,3,23,43,0,35,38358248
564,3,17,37,0,29,85545906
565,2,13,30,0,22,17357896
566,8,22,57,0,49,83057319
567,1,26,40,0,32,75707487
568,5,24,50,0,42,71799605
569,1,22,36,0,28,51414966
570,2,26,43,1,31,86043799
571,3,23,43,0,35,58116162
572,4,18,41,0,33,22856496
573,4,30,53,0,45,23815545
574,4,13,36,0,28,29772642
575,5,17,43,1,31,78557369
576,3,19,39,0,31,46498401
577,2,18,35,0,27,50237698
578,3,15,35,0,27,76900223
579,2,15,32,0,24,29269109
580,3,18,38,0,30,25053328
581,2,21,38,0,30,71795088
582,4,15,38,0,30,86964584
583,4,25,48,1,36,46628498
584,4,29,52,0,44,65177095
585,4,23,46,0,38,94509696
586,2,16,33,1,21,47525929
587,3,24,44,1,32,26306845
588,2,32,49,0,41,77587285
589,3,24,44,0,36,66951958
590,7,14,46,0,38,28456478
591,1,22,36,0,28,75921080
592,3,20,40,0,32,86149794
593,2,16,33,0,25,07775194
594,2,18,35,0,27,56675968
595,3,25,45,0,37,99586590
596,1,24,38,0,30,87667295
597,6,27,56,1,44,44946059
598,1,23,37,0,29,47560985
599,5,22,48,0,40,66653157
600,3,29,49,0,41,47826138
601,4,10,33,0,25,47584415
602,2,28,45,0,37,77479591
603,3,12,32,0,24,62717786
604,3,19,39,1,27,68507709
605,2,23,40,0,32,99578366
606,4,18,41,0,33,66979095
607,4,27,50,0,42,11598910
608,4,21,44,0,36,59877928
609,3,16,36,1,24,57685677
610,2,20,37,0,29,55008359
611,3,25,45,0,37,44584192
612,1,19,33,1,21,86534271
613,6,30,59,0,51,72996705
614,7,16,48,0,40,76257642
615,1,23,37,0,29,74849679
616,3,31,51,0,43,49689584
617,2,22,39,1,27,72756465
618,3,15,35,0,27,74943957
619,2,19,36,0,28,67569419
620,6,29,58,0,50,48879833
621,1,22,36,0,28,47832335
622,3,25,45,0,37,51426026
623,2,25,42,1,30,89199494
624,2,10,27,0,19,85128497
625,3,25,45,0,37,07157451
626,1,15,29,0,21,72513682
627,1,24,38,0,30,64853679
628,1,17,31,0,23,30145825
629,5,25,51,0,43,59825393
630,3,17,37,0,29,81582842
631,2,16,33,0,25,43896696
632,4,12,35,0,27,42336699
633,3,24,44,0,36,38879559
634,2,20,37,0,29,92482276
635,4,26,49,0,41,96064865
636,2,11,28,0,20,37928564
637,3,28,48,0,40,75960864
638,2,22,39,0,31,67380179
639,3,16,36,0,28,37477459
640,1,14,28,1,16,18287664
641,6,13,42,0,34,98927056
642,2,18,35,0,27,83870455
643,3,17,37,0,29,40314765
644,3,18,38,0,30,69098714
645,2,14,31,1,19,69916958
646,7,21,53,0,45,90137422
647,1,23,37,0,29,18547987
648,5,17,43,0,35,05378914
649,1,18,32,1,20,17486866
650,2,21,38,0,30,63994604
651,3,18,38,0,30,89657833
652,3,14,34,0,26,91938668
653,4,27,50,1,38,97479387
654,4,25,48,0,40,99675962
655,2,21,38,0,30,78976275
656,3,32,52,0,44,85874470
657,2,21,38,1,26,99659593
658,3,24,44,0,36,59740540
659,2,15,32,0,24,98378718
660,4,23,46,0,38,95679968
661,1,13,27,0,19,61089974
662,3,23,43,0,35,67985694
663,2,14,31,1,19,84867691
664,2,25,42,0,34,28394646
665,3,27,47,0,39,86787671
666,5,16,42,0,34,33859656
667,4,27,50,0,42,68938257
668,3,17,37,0,29,12902726
669,4,22,45,0,37,65348219
670,3,26,46,0,38,86577855
671,2,26,43,0,35,94156779
672,6,26,55,0,47,75738818
673,1,21,35,0,27,00449549
674,1,18,32,0,24,67642565
675,8,17,52,0,44,51864597
676,2,27,44,0,36,97429935
677,3,22,42,0,34,48247459
678,2,13,30,1,18,98145295
679,3,23,43,1,31,87396669
680,2,30,47,0,39,67957977
681,3,15,35,0,27,72928597
682,1,31,45,0,37,39175078
683,7,13,45,0,37,34434997
684,6,28,57,0,49,72500186
685,1,22,36,0,28,64630454
686,3,28,48,0,40,40960157
687,2,23,40,0,32,45559740
688,3,17,37,1,25,45929985
689,2,20,37,0,29,68297872
690,5,15,41,0,33,11274781
691,4,14,37,0,29,36580706
692,2,15,32,0,24,55541489
693,3,16,36,0,28,46986265
694,3,16,36,0,28,34289749
695,2,18,35,0,27,84898748
696,4,19,42,0,34,47878892
697,1,23,37,0,29,46954067
698,4,22,45,0,37,69295047
699,2,17,34,0,26,81792767
700,5,29,55,0,47,86873611
701,1,23,37,0,29,91674404
702,3,20,40,0,32,14350862
703,2,26,43,0,35,84697929
704,2,24,41,0,33,97986568
705,3,27,47,0,39,56196749
706,1,28,42,0,34,12801049
707,5,21,47,0,39,95774093
708,1,17,31,0,23,30055754
709,8,17,52,0,44,97288276
710,3,20,40,0,32,75694536
711,2,17,34,1,22,99741848
712,4,17,40,0,32,19979920
713,3,22,42,0,34,88468345
714,2,26,43,0,35,94587276
715,4,13,36,0,28,84767879
716,2,29,46,0,38,82856889
717,3,13,33,0,25,60519441
718,2,20,37,0,29,06092762
719,3,15,35,0,27,29691986
720,1,19,33,0,25,04484956
721,4,16,39,0,31,88544948
722,2,12,29,0,21,99961253
723,3,22,42,1,30,40765258
724,3,20,40,0,32,74585747
725,2,18,35,1,23,15856967
726,4,28,51,0,43,45989693
727,8,24,59,0,51,84328992
728,4,16,39,1,27,57942602
729,3,11,31,0,23,79617485
730,2,12,29,0,21,77423292
731,3,25,45,0,37,64427677
732,1,14,28,1,16,66466842
733,5,14,40,0,32,56585261
734,5,21,47,0,39,48232232
735,1,11,25,0,17,76218519
736,3,22,42,1,30,65649266
737,2,11,28,0,20,27873664
738,3,12,32,0,24,93857765
739,2,29,46,0,38,32404984
740,4,21,44,0,36,45464037
741,3,26,46,0,38,14856047
742,3,22,42,0,34,00487785
743,2,28,45,0,37,00885372
744,2,13,30,0,22,39565779
745,3,17,37,0,29,25677845
746,4,23,46,0,38,26857661
747,4,27,50,0,42,80535283
748,3,22,42,0,34,18540867
749,4,25,48,0,40,68945859
750,3,18,38,0,30,58968417
751,2,19,36,0,28,56600276
752,5,19,45,0,37,54126947
753,1,13,27,0,19,55078865
754,1,11,25,0,17,54958547
755,5,24,50,0,42,03354816
756,2,30,47,2,31,83784512
757,3,25,45,0,37,79506406
758,2,18,35,0,27,30504389
759,3,31,51,0,43,56576362
760,1,28,42,0,34,07578985
761,5,23,49,0,41,48558755
762,2,28,45,1,33,39496749
763,3,25,45,0,37,30818861
764,3,27,47,0,39,59687277
765,2,16,33,2,17,89669976
766,5,24,50,0,42,75038982
767,1,17,31,0,23,77004694
768,7,27,59,0,51,68894967
769,1,15,29,0,21,26867462
770,2,23,40,0,32,65647484
771,3,13,33,0,25,54475423
772,3,22,42,0,34,25849177
773,4,30,53,0,45,40298688
774,4,16,39,0,31,58228597
775,2,22,39,0,31,39655817
776,3,23,43,0,35,46407057
777,2,20,37,0,29,67691706
778,3,12,32,0,24,13729350
779,2,18,35,1,23,74277766
780,3,31,51,0,43,06494780
781,2,11,28,0,20,54492335
782,4,24,47,0,39,95695767
783,2,22,39,0,31,56465883
784,3,18,38,0,30,44759212
785,4,12,35,1,23,27244735
786,2,22,39,0,31,91975379
787,3,15,35,0,27,58045771
788,2,19,36,0,28,96889336
789,3,21,41,0,33,83099760
790,5,16,42,1,30,82437847
791,1,29,43,1,31,57865885
792,3,22,42,1,30,79164536
793,2,30,47,0,39,99676287
794,2,24,41,0,33,46648958
795,3,16,36,0,28,09776451
796,1,22,36,0,28,91638895
797,5,17,43,1,31,84577868
798,1,17,31,0,23,78719419
799,6,18,47,0,39,75564996
800,2,16,33,0,25,66365452
801,3,23,43,0,35,19995148
802,1,22,36,0,28,30948985
803,6,15,44,0,36,10468866
804,8,16,51,0,43,66804857
805,1,12,26,0,18,76423681
806,3,18,38,0,30,79821667
807,2,19,36,0,28,64880480
808,3,26,46,0,38,07855664
809,2,16,33,1,21,08779289
810,3,26,46,0,38,75238551
811,4,11,34,0,26,89800839
812,2,16,33,0,25,69759671
813,3,26,46,0,38,16274986
814,3,21,41,0,33,99875960
815,2,18,35,0,27,04537506
816,4,17,40,0,32,44479640
817,2,19,36,0,28,43555059
818,4,13,36,0,28,99945383
819,1,23,37,0,29,16208408
820,3,18,38,0,30,39444544
821,2,17,34,0,26,96845445
822,4,18,41,0,33,76382948
823,1,24,38,0,30,88671626
824,4,21,44,0,36,98653227
825,4,13,36,0,28,68085643
826,2,22,39,0,31,69399164
827,3,20,40,0,32,46005345
828,2,21,38,0,30,30871885
829,3,28,48,1,36,50679898
830,6,16,45,0,37,16690731
831,1,31,45,0,37,00909692
832,3,20,40,0,32,55836293
833,2,29,46,0,38,00054086
834,2,26,43,0,35,50858909
835,3,12,32,0,24,02486334
836,1,30,44,0,36,20854964
837,7,14,46,0,38,32898549
838,1,15,29,0,21,74144843
839,5,17,43,0,35,73375788
840,2,10,27,0,19,66631760
841,3,24,44,0,36,43741427
842,1,22,36,0,28,77687985
843,4,14,37,0,29,79418976
844,4,24,47,0,39,46717877
845,8,24,59,0,51,76690341
846,3,17,37,0,29,53766144
847,2,21,38,0,30,97424858
848,3,20,40,1,28,10460838
849,2,23,40,0,32,78032984
850,1,23,37,0,29,05866777
851,6,23,52,0,44,87940125
852,2,20,37,1,25,04082644
853,3,22,42,0,34,79319656
854,3,16,36,0,28,56724907
855,2,26,43,0,35,76599904
856,3,28,48,0,40,74416896
857,1,26,40,0,32,68539979
858,5,24,50,0,42,49538947
859,1,30,44,0,36,75958551
860,3,22,42,1,30,98282693
861,2,22,39,0,31,86465705
862,6,28,57,0,49,64471879
863,1,22,36,0,28,21722978
864,1,27,41,0,33,46879347
865,7,27,59,1,47,75815552
866,2,11,28,1,16,86955646
867,3,20,40,0,32,44564392
868,2,20,37,0,29,26781694
869,3,25,45,0,37,98570058
870,4,13,36,1,24,82837647
871,3,26,46,0,38,27425145
872,3,12,32,0,24,84465966
873,2,19,36,0,28,94091079
874,2,16,33,0,25,57889488
875,3,25,45,0,37,67672585
876,2,13,30,0,22,58528371
877,4,20,43,0,35,70498795
878,2,26,43,0,35,84575546
879,4,23,46,0,38,49525904
880,2,12,29,0,21,33689523
881,4,27,50,1,38,68706325
882,2,30,47,1,35,67028869
883,3,25,45,0,37,81750555
884,3,24,44,0,36,17776997
885,2,28,45,0,37,21550744
886,4,20,43,0,35,58739454
887,3,28,48,0,40,73645986
888,4,17,40,0,32,62456819
889,4,26,49,1,37,44577496
890,2,27,44,0,36,59844991
891,3,30,50,1,38,12826264
892,1,18,32,0,24,64089706
893,8,24,59,0,51,79033806
894,6,19,48,0,40,04998857
895,1,31,45,0,37,79987885
896,3,19,39,0,31,33750946
897,2,18,35,0,27,74158495
898,3,23,43,0,35,89944211
899,2,17,34,0,26,60688596
900,3,22,42,0,34,27499945
901,2,23,40,0,32,76576947
902,4,20,43,0,35,70253443
903,1,18,32,0,24,63914444
904,5,19,45,0,37,54325748
905,4,18,41,0,33,61964897
906,2,31,48,0,40,99757946
907,3,19,39,0,31,45436512
908,2,19,36,0,28,44999979
909,3,20,40,0,32,09790328
910,5,25,51,0,43,47942680
911,1,15,29,0,21,46544478
912,3,17,37,1,25,81663866
913,2,19,36,0,28,75775246
914,2,16,33,0,25,66894973
915,3,19,39,0,31,14700875
916,1,16,30,0,22,33117306
917,5,23,49,0,41,06545800
918,1,26,40,1,28,98492598
919,7,19,51,0,43,74773528
920,2,21,38,0,30,58658711
921,3,23,43,0,35,80528195
922,1,13,27,0,19,42274396
923,5,17,43,0,35,34934645
924,5,28,54,0,46,50770467
925,1,27,41,0,33,86150657
926,3,12,32,0,24,82788493
927,2,30,47,0,39,98958868
928,3,18,38,0,30,03375805
929,2,15,32,0,24,67505355
930,3,21,41,0,33,04485563
931,4,25,48,1,36,18845563
932,2,20,37,2,21,68675244
933,3,26,46,1,34,85418534
934,3,28,48,1,36,59150648
935,2,29,46,0,38,45048996
936,4,16,39,0,31,97959599
937,2,22,39,0,31,48469772
938,4,19,42,0,34,43323677
939,6,17,46,1,34,46881949
940,3,21,41,0,33,42916578
941,2,19,36,0,28,46624758
942,5,11,37,0,29,80989686
943,1,22,36,0,28,67548708
944,1,28,42,0,34,16374778
945,5,13,39,0,31,68755644
946,2,24,41,0,33,37167648
947,3,14,34,0,26,73954894
948,2,18,35,0,27,96742934
949,3,31,51,0,43,14739997
950,4,11,34,0,26,58596966
951,3,24,44,0,36,52889982
952,3,12,32,0,24,77564532
953,2,13,30,0,22,18556452
954,2,17,34,0,26,99578645
955,3,12,32,0,24,03864278
956,2,21,38,0,30,57057694
957,4,20,43,1,31,12592593
958,1,28,42,0,34,33796794
959,4,25,48,1,36,73657704
960,2,22,39,0,31,19754287
961,3,16,36,0,28,19321572
962,3,21,41,0,33,32764737
963,4,14,37,0,29,66459728
964,4,13,36,0,28,22396481
965,4,23,46,1,34,42464052
966,3,19,39,0,31,99455759
967,2,23,40,0,32,10905081
968,3,21,41,0,33,70958486
969,2,15,32,0,24,55909155
970,1,17,31,1,19,00669248
971,5,12,38,0,30,21465547
972,2,18,35,0,27,93880359
973,3,26,46,1,34,35244972
974,3,18,38,1,26,25466579
975,2,18,35,0,27,58794666
976,5,25,51,1,39,13076508
977,1,31,45,1,33,26576736
978,8,22,57,0,49,56675278
979,1,26,40,0,32,67897546
980,5,15,41,0,33,87999892
981,1,24,38,1,26,26651937
982,3,28,48,0,40,94957914
983,2,14,31,1,19,68819386
984,2,16,33,0,25,88480929
985,3,17,37,0,29,87315378
986,1,19,33,0,25,66667488
987,5,21,47,0,39,76906776
988,1,12,26,0,18,35893747
989,6,10,39,0,31,06592886
990,3,31,51,0,43,75818026
991,2,27,44,0,36,61442799
992,4,26,49,0,41,18946598
993,4,17,40,0,32,22691477
994,2,25,42,0,34,85851974
995,4,21,44,0,36,49884866
996,2,31,48,0,40,58777316
997,3,19,39,0,31,75959796
998,2,20,37,0,29,15876625
999,3,14,34,0,26,68590692
1000,4,19,42,0,34,95257965
1001,3,29,49,0,41,87710146
1002,6,19,48,1,36,05908215
1003,2,16,33,0,25,45885690
1004,2,23,40,1,28,98374280
1005,6,27,56,0,48,43865662
1006,3,26,46,0,38,76746466
1007,4,12,35,0,27,65524713
1008,3,18,38,0,30,91469302
1009,4,17,40,0,32,85675892
1010,5,15,41,1,29,89941657
1011,5,17,43,1,31,66600587
1012,4,18,41,0,33,08749877
1013,3,18,38,0,30,52148960
1014,3,20,40,1,28,54341819
1015,4,19,42,0,34,55167949
1016,4,16,39,0,31,60995905
1017,5,26,52,0,44,92591949
1018,1,24,38,0,30,44541414
1019,5,25,51,0,43,94270965
1020,3,30,50,0,42,67995472
1021,4,18,41,0,33,15729864
1022,3,24,44,0,36,33440455
1023,5,22,48,0,40,77147951
1024,5,24,50,0,42,15566662
1025,4,22,45,0,37,80978757
1026,4,22,45,0,37,74891574
1027,3,20,40,1,28,85888589
1028,4,11,34,0,26,38878835
1029,3,22,42,0,34,71046753
1030,2,18,35,0,27,75867496
1031,6,16,45,0,37,44790069
1032,3,17,37,1,25,54866559
1033,4,10,33,0,25,83779892
1034,4,17,40,0,32,71547583
1035,3,23,43,0,35,76065037
1036,6,30,59,0,51,76784926
1037,2,16,33,0,25,78817354
1038,4,23,46,0,38,40877428
1039,2,16,33,0,25,61972663
1040,4,18,41,0,33,13954663
1041,3,30,50,0,42,01631929
1042,5,10,36,1,24,98484397
1043,3,28,48,0,40,34958867
1044,4,27,50,0,42,85966660
1045,5,24,50,0,42,96249575
1046,3,15,35,1,23,77278897
1047,4,29,52,0,44,84795614
1048,3,25,45,0,37,52599648
1049,4,17,40,1,28,89843321
1050,6,20,49,0,41,79043966
1051,2,26,43,1,31,52274649
1052,4,26,49,0,41,16294293
1053,3,28,48,0,40,87820949
1054,3,19,39,0,31,59064895
1055,4,23,46,0,38,20429928
1056,2,16,33,0,25,58681899
1057,6,19,48,0,40,64644396
1058,2,24,41,0,33,00480848
1059,8,19,54,0,46,12316165
1060,3,20,40,0,32,59997957
1061,4,18,41,0,33,47508801
1062,2,21,38,0,30,93693531
1063,6,19,48,0,40,78272137
1064,6,13,42,0,34,89078463
1065,2,13,30,0,22,74359948
1066,4,21,44,1,32,59209197
1067,3,23,43,0,35,82684679
1068,4,19,42,0,34,38979268
1069,3,29,49,0,41,26464466
1070,6,24,53,1,41,75266570
1071,5,16,42,0,34,56262045
1072,3,19,39,0,31,57514580
1073,4,27,50,0,42,74589245
1074,4,27,50,0,42,44490774
1075,3,19,39,0,31,99712789
1076,5,25,51,0,43,41665288
1077,2,29,46,0,38,45661092
1078,5,19,45,1,33,54966168
1079,1,21,35,0,27,46457929
1080,5,12,38,0,30,30064886
1081,2,18,35,0,27,35513219
1082,4,15,38,0,30,86653971
1083,3,19,39,0,31,79583852
1084,3,16,36,0,28,59515546
1085,4,30,53,1,41,69766348
1086,6,15,44,1,32,85974771
1087,5,28,54,0,46,54747775
1088,1,25,39,0,31,64659536
1089,5,19,45,0,37,79845903
1090,4,29,52,0,44,44878491
1091,3,27,47,0,39,94837689
1092,6,11,40,0,32,76741865
1093,2,27,44,0,36,67447713
1094,2,26,43,0,35,37388984
1095,6,16,45,0,37,09660669
1096,3,30,50,0,42,57956571
1097,4,23,46,0,38,37411496
1098,3,21,41,0,33,86060859
1099,4,29,52,0,44,30852955
1100,3,30,50,0,42,80401746
1101,4,13,36,0,28,88936840
1102,1,27,41,0,33,93655998
1103,5,30,56,0,48,67395984
1104,5,20,46,1,34,85604600
1105,1,20,34,0,26,02657787
1106,4,16,39,1,27,65058256
1107,3,18,38,0,30,34704845
1108,4,24,47,0,39,84728778
1109,3,18,38,0,30,11285522
1110,2,29,46,0,38,04463549
1111,7,22,54,0,46,38774675
1112,3,29,49,0,41,19721656
1113,4,11,34,1,22,74366725
1114,4,24,47,0,39,95180899
1115,3,24,44,0,36,56896570
1116,5,25,51,0,43,99544548
1117,2,19,36,1,24,44559496
1118,6,29,58,0,50,55998968
1119,2,19,36,0,28,66066839
1120,4,16,39,0,31,30911790
1121,3,24,44,0,36,78474948
1122,7,27,59,0,51,67557946
1123,2,14,31,0,23,97537665
1124,2,24,41,0,33,61802721
1125,8,24,59,0,51,83083776
1126,3,30,50,0,42,96681718
1127,4,13,36,0,28,86560755
1128,3,26,46,0,38,49685617
1129,4,23,46,0,38,96415862
1130,5,18,44,0,36,30878672
1131,1,15,29,1,17,83055824
1132,4,26,49,1,37,85188312
1133,3,23,43,1,31,62844512
1134,3,19,39,0,31,46043618
1135,4,26,49,0,41,33091953
1136,1,10,24,0,16,61469778
1137,5,31,57,0,49,14688464
1138,3,22,42,0,34,48792587
1139,5,25,51,1,39,52455577
1140,3,25,45,0,37,46438977
1141,4,22,45,0,37,79847479
1142,2,30,47,0,39,55863488
1143,7,18,50,0,42,53819149
1144,3,19,39,0,31,95106844
1145,2,16,33,0,25,35756693
1146,4,20,43,0,35,97996554
1147,3,13,33,0,25,52389448
1148,4,23,46,0,38,46064151
1149,3,20,40,0,32,52423078
1150,1,19,33,0,25,39437597
1151,5,14,40,0,32,10787297
1152,3,20,40,0,32,48543827
1153,4,19,42,1,30,98845539
1154,4,24,47,0,39,64233499
1155,3,25,45,0,37,98699255
1156,5,16,42,0,34,26546917
1157,1,14,28,1,16,50962869
1158,5,22,48,0,40,48589370
1159,3,18,38,0,30,56094721
1160,4,20,43,0,35,66582456
1161,3,23,43,0,35,77402576
1162,5,21,47,0,39,04807706
1163,1,26,40,0,32,05958715
1164,1,29,43,0,35,04455087
1165,5,13,39,0,31,98441396
1166,3,12,32,0,24,23239634
1167,4,16,39,0,31,35095926
1168,3,24,44,0,36,25278925
1169,4,17,40,0,32,70964675
1170,7,17,49,0,41,44565545
1171,2,20,37,0,29,08145580
1172,4,16,39,0,31,57866686
1173,3,21,41,0,33,81287351
1174,3,24,44,0,36,55406964
1175,4,26,49,1,37,66525694
1176,2,21,38,0,30,98288673
1177,8,18,53,0,45,69526686
1178,2,14,31,0,23,97988287
1179,6,20,49,0,41,94376829
1180,2,24,41,1,29,48995592
1181,7,24,56,0,48,49149796
1182,3,21,41,0,33,91588584
1183,4,25,48,0,40,94754794
1184,4,25,48,0,40,88472065
1185,3,15,35,1,23,67596198
1186,7,27,59,1,47,68739381
1187,2,18,35,0,27,81871863
1188,6,11,40,0,32,73336158
1189,2,11,28,0,20,99126153
1190,3,23,43,0,35,61171670
1191,4,18,41,2,25,58830941
1192,1,26,40,1,28,52465064
1193,5,22,48,0,40,78416535
1194,5,28,54,0,46,48755444
1195,1,18,32,0,24,43651210
1196,4,17,40,0,32,96868581
1197,3,10,30,0,22,05257966
1198,4,22,45,0,37,64870775
1199,3,20,40,0,32,37778727
1200,4,17,40,0,32,53696054
1201,3,28,48,0,40,55565311
1202,7,22,54,0,46,46306925
1203,2,29,46,0,38,51538356
1204,2,27,44,0,36,66196065
1205,2,14,31,0,23,41566756
1206,3,16,36,0,28,44995369
1207,4,21,44,0,36,00786433
1208,3,13,33,0,25,89940477
1209,4,16,39,0,31,78778984
1210,5,22,48,0,40,92277684
1211,1,23,37,1,25,41734908
1212,4,19,42,0,34,99925960
1213,3,18,38,0,30,98575915
1214,3,18,38,0,30,75346433
1215,4,27,50,0,42,75041368
1216,1,22,36,0,28,38519733
1217,5,24,50,0,42,80241003
1218,2,29,46,0,38,67497475
1219,5,21,47,0,39,43556152
1220,3,17,37,0,29,27828476
1221,4,13,36,0,28,79157109
1222,1,20,34,0,26,55969898
1223,5,16,42,1,30,54257094
1224,5,15,41,0,33,99635894
1225,1,30,44,0,36,45513877
1226,4,13,36,1,24,39477587
1227,3,18,38,0,30,94643987
1228,4,24,47,0,39,89823322
1229,3,22,42,0,34,83765969
1230,2,24,41,0,33,26961259
1231,7,22,54,0,46,49826198
1232,3,30,50,1,38,22699733
1233,4,23,46,0,38,43328509
1234,4,17,40,0,32,82822532
1235,3,15,35,0,27,68647995
1236,8,24,59,0,51,33476558
1237,2,26,43,0,35,70054645
1238,6,24,53,0,45,50335783
1239,2,24,41,0,33,57205795
1240,4,17,40,0,32,74918267
1241,3,27,47,1,35,94869848
1242,5,14,40,0,32,86542846
1243,1,30,44,0,36,95622784
1244,1,20,34,0,26,91297812
1245,5,21,47,0,39,08155743
1246,3,27,47,0,39,76494701
1247,4,12,35,0,27,59656303
1248,3,26,46,0,38,65768765
1249,4,21,44,0,36,02586977
1250,7,20,52,0,44,92040317
1251,2,17,34,0,26,81826566
1252,4,25,48,0,40,79563765
1253,3,28,48,0,40,74055846
1254,3,25,45,0,37,85806949
1255,4,21,44,0,36,85866122
1256,2,18,35,1,23,84408883
1257,4,28,51,0,43,11097066
1258,2,24,41,0,33,28792596
1259,6,27,56,0,48,44284488
1260,3,27,47,0,39,96899318
1261,4,13,36,0,28,98729476
1262,2,24,41,0,33,23223708
1263,7,13,45,0,37,46880294
1264,8,23,58,0,50,28746843
1265,2,28,45,0,37,98744849
1266,4,19,42,0,34,26538961
1267,3,24,44,0,36,69698897
1268,4,16,39,1,27,10404975
1269,3,25,45,1,33,94625700
1270,1,18,32,0,24,77344916
1271,5,13,39,0,31,05955583
1272,3,15,35,1,23,45055837
1273,4,17,40,0,32,38378255
1274,4,16,39,0,31,14662486
1275,3,21,41,0,33,08756908
1276,5,25,51,0,43,81265745
1277,1,19,33,0,25,96043612
1278,5,18,44,0,36,96274758
1279,1,27,41,0,33,94767767
1280,5,11,37,0,29,47792207
1281,1,28,42,0,34,97564289
1282,4,16,39,0,31,30754782
1283,3,17,37,1,25,09817978
1284,3,15,35,0,27,22270248
1285,4,24,47,1,35,66353178
1286,1,12,26,0,18,27441437
1287,5,26,52,1,40,79798291
1288,5,12,38,1,26,17647525
1289,5,21,47,2,31,25828099
1290,4,24,47,0,39,68583448
1291,3,23,43,0,35,43774106
1292,4,27,50,0,42,74888150
1293,2,19,36,0,28,68558867
1294,2,16,33,0,25,58816846
1295,7,25,57,0,49,57694260
1296,3,12,32,0,24,79767921
1297,4,12,35,0,27,95335976
1298,3,23,43,0,35,92977855
1299,4,24,47,0,39,43836512
1300,3,25,45,0,37,33865397
1301,4,18,41,0,33,77444889
1302,2,11,28,0,20,45464058
1303,5,28,54,0,46,51844525
1304,5,22,48,0,40,30654624
1305,7,21,53,0,45,87847547
1306,4,10,33,1,21,42054042
1307,3,16,36,0,28,51449199
1308,4,25,48,0,40,98973894
1309,3,16,36,0,28,62515886
1310,2,31,48,1,36,76676724
1311,6,21,50,0,42,85597090
1312,3,15,35,0,27,45596602
1313,4,11,34,0,26,47405643
1314,4,28,51,0,43,97571158
1315,3,22,42,0,34,49427154
1316,6,25,54,1,42,46795751
1317,2,20,37,0,29,88542529
1318,8,24,59,0,51,25839918
1319,2,23,40,0,32,28274898
1320,4,20,43,0,35,95339648
1321,3,23,43,0,35,19838746
1322,6,29,58,0,50,86664405
1323,2,22,39,0,31,75699214
1324,2,29,46,0,38,76288485
1325,6,21,50,0,42,47417937
1326,3,23,43,0,35,42954967
1327,4,17,40,0,32,58858586
1328,3,26,46,0,38,54975360
1329,4,21,44,0,36,97965495
1330,5,22,48,0,40,08185752
1331,4,28,51,0,43,38072587
1332,4,27,50,0,42,31818782
1333,3,28,48,0,40,73649016
1334,3,24,44,1,32,45059689
1335,4,20,43,0,35,72657745
1336,3,17,37,0,29,79274456
1337,5,21,47,1,35,90758262
1338,1,19,33,0,25,18204257
1339,5,14,40,0,32,37505448
1340,3,17,37,1,25,61697732
1341,4,16,39,0,31,14405264
1342,2,15,32,0,24,86478647
1343,6,19,48,0,40,49554657
1344,6,16,45,0,37,71898468
1345,2,14,31,0,23,92587479
1346,4,27,50,0,42,55976766
1347,3,28,48,0,40,90038726
1348,4,16,39,0,31,56497998
1349,3,22,42,0,34,97953380
1350,4,21,44,0,36,66389907
1351,5,25,51,0,43,54616215
1352,3,14,34,0,26,76564806
1353,4,29,52,0,44,17474279
1354,4,19,42,0,34,59283878
1355,3,32,52,1,40,88757983
1356,5,31,57,0,49,19898983
1357,3,23,43,1,31,02854927
1358,5,23,49,0,41,74377428
1359,1,25,39,0,31,76230854
1360,4,13,36,0,28,55688588
1361,3,20,40,0,32,99446755
1362,5,24,50,0,42,78914485
1363,1,18,32,0,24,54219883
1364,5,21,47,0,39,83497494
1365,5,17,43,0,35,63575887
1366,3,24,44,0,36,60888726
1367,4,14,37,0,29,47899168
1368,3,27,47,0,39,25772757
1369,4,19,42,0,34,48648171
1370,6,21,50,0,42,98898978
1371,2,18,35,0,27,54944760
1372,4,25,48,0,40,87192289
1373,3,26,46,1,34,76164856
1374,3,20,40,0,32,85784497
1375,4,20,43,0,35,47406958
1376,2,24,41,0,33,43479955
1377,6,22,51,0,43,98393879
1378,2,25,42,0,34,35622475
1379,5,32,58,0,50,78658278
1380,2,15,32,2,16,56344104
1381,6,25,54,0,46,19059248
1382,3,22,42,1,30,58116529
1383,4,26,49,0,41,76461840
1384,4,13,36,0,28,88662446
1385,3,13,33,0,25,04728457
1386,6,28,57,0,49,88565898
1387,2,22,39,0,31,23493085
1388,7,19,51,2,35,68755878
1389,2,23,40,0,32,40784493
1390,3,15,35,0,27,95288864
1391,4,24,47,1,35,83481556
1392,5,19,45,0,37,98776528
1393,5,20,46,0,38,15697768
1394,5,16,42,0,34,53470346
1395,1,25,39,0,31,46092860
1396,4,12,35,0,27,73544897
1397,3,30,50,0,42,50818912
1398,4,17,40,0,32,78343842
1399,3,21,41,0,33,50799166
1400,4,23,46,0,38,57286560
1401,3,18,38,0,30,86959859
1402,5,18,44,1,32,70248585
1403,1,22,36,0,28,65786798
1404,1,30,44,0,36,73876905
1405,5,23,49,1,37,46147597
1406,3,20,40,0,32,94571565
1407,4,21,44,0,36,48460345
1408,3,20,40,0,32,46407535
1409,4,25,48,1,36,65663585
1410,8,24,59,0,51,76383544
1411,2,21,38,0,30,95808653
1412,4,27,50,0,42,76164531
1413,3,25,45,0,37,34058976
1414,3,28,48,0,40,13722097
1415,4,31,54,1,42,87572668
1416,2,21,38,0,30,88950859
1417,7,22,54,0,46,95511605
1418,2,24,41,0,33,04997828
1419,6,14,43,0,35,89095794
1420,3,15,35,0,27,27389943
1421,4,17,40,0,32,28646365
1422,2,30,47,0,39,42044176
1423,2,15,32,0,24,58890547
1424,7,27,59,0,51,99651197
1425,2,16,33,0,25,75949538
1426,4,18,41,0,33,70598177
1427,3,20,40,0,32,72869544
1428,4,14,37,0,29,71445366
1429,3,16,36,0,28,49925714
1430,1,27,41,0,33,18480056
1431,5,22,48,0,40,89684453
1432,3,15,35,0,27,52462489
1433,4,25,48,2,32,99914665
1434,4,20,43,0,35,94756698
1435,3,23,43,0,35,99416995
1436,5,18,44,0,36,60932688
1437,1,23,37,0,29,68758859
1438,5,20,46,0,38,28455539
1439,7,21,53,0,45,98784493
1440,4,24,47,0,39,84484978
1441,3,18,38,0,30,90785759
1442,8,24,59,0,51,08505721
1443,2,19,36,0,28,04878645
1444,2,20,37,0,29,94397947
1445,7,25,57,0,49,18444490
1446,3,23,43,0,35,73642449
1447,4,20,43,0,35,03464869
1448,3,14,34,0,26,67571223
1449,4,19,42,1,30,79568168
1450,5,23,49,1,37,55688278
1451,1,19,33,0,25,15649788
1452,4,13,36,1,24,90587859
1453,3,14,34,0,26,44899864
1454,3,30,50,0,42,66054717
1455,4,14,37,1,25,57224058
1456,1,26,40,0,32,15545489
1457,5,27,53,0,45,14564578
1458,5,23,49,0,41,82158629
1459,5,20,46,0,38,37590678
1460,3,11,31,0,23,29569665
1461,4,29,52,1,40,68328485
1462,1,18,32,0,24,43977685
1463,5,26,52,0,44,87841669
1464,5,20,46,0,38,87647254
1465,1,25,39,0,31,34088617
1466,4,17,40,0,32,92440831
1467,3,31,51,1,39,06101294
1468,4,21,44,0,36,24778539
1469,3,25,45,0,37,89875678
1470,2,24,41,0,33,68776544
1471,4,16,39,0,31,86147699
1472,3,13,33,0,25,22543724
1473,4,21,44,0,36,67075302
1474,4,15,38,0,30,13707521
1475,3,18,38,0,30,49988749
1476,7,27,59,0,51,80047437
1477,2,11,28,0,20,57805650
1478,6,21,50,1,38,25463754
1479,2,18,35,0,27,04865380
1480,7,17,49,1,37,09975541
1481,2,14,31,0,23,54652419
1482,4,23,46,0,38,45529900
1483,3,23,43,1,31,89544711
1484,3,28,48,0,40,88845155
1485,4,30,53,0,45,68847999
1486,2,28,45,0,37,49869311
1487,8,16,51,0,43,98350709
1488,2,26,43,0,35,43776546
1489,6,28,57,0,49,35860664
1490,4,26,49,0,41,66659797
1491,3,24,44,1,32,37476687
1492,5,12,38,0,30,34976389
1493,1,13,27,0,19,45648929
1494,1,17,31,0,23,36553054
1495,5,21,47,0,39,35173168
1496,3,17,37,0,29,58167766
1497,4,28,51,0,43,96958985
1498,3,15,35,0,27,16382955
1499,4,26,49,0,41,86988784
1500,3,14,34,0,26,57668987
1501,4,17,40,0,32,07051571
1502,2,31,48,0,40,44702753
1503,6,16,45,0,37,18090795
1504,6,13,42,0,34,85326555
1505,2,22,39,0,31,95250986
1506,4,22,45,0,37,58968160
1507,3,13,33,0,25,67802488
1508,4,20,43,0,35,74463598
1509,3,28,48,0,40,09458783
1510,3,10,30,0,22,25758340
1511,5,11,37,0,29,87877898
1512,3,23,43,0,35,40128878
1513,4,10,33,1,21,65666075
1514,4,20,43,0,35,67672697
1515,3,29,49,1,37,75720534
1516,5,23,49,0,41,79039573
1517,4,22,45,0,37,60583794
1518,5,17,43,1,31,39805094
1519,1,27,41,0,33,47375891
1520,4,14,37,0,29,64808618
1521,3,14,34,0,26,54555352
1522,5,18,44,0,36,73974988
1523,7,25,57,0,49,97095449
1524,2,25,42,1,30,92589798
1525,5,15,41,0,33,79783654
1526,3,25,45,1,33,88540884
1527,4,26,49,0,41,69968586
1528,3,12,32,0,24,10690838
1529,4,29,52,0,44,94717792
1530,6,25,54,0,46,50959854
1531,2,17,34,0,26,14889696
1532,4,22,45,0,37,55658245
1533,3,16,36,0,28,93867767
1534,3,19,39,0,31,72167855
1535,4,16,39,0,31,76545837
1536,2,14,31,1,19,07395446
1537,6,16,45,0,37,85905193
1538,2,13,30,0,22,11360508
1539,7,22,54,0,46,43257187
1540,3,21,41,1,29,49439433
1541,4,28,51,0,43,89441753
1542,5,19,45,0,37,56548694
1543,5,25,51,0,43,74364379
1544,5,24,50,0,42,87219407
1545,1,19,33,0,25,96645005
1546,4,16,39,1,27,70891180
1547,3,17,37,0,29,59102889
1548,4,29,52,0,44,13796151
1549,3,24,44,0,36,52992724
1550,2,26,43,0,35,39677581
1551,6,28,57,1,45,60590964
1552,3,30,50,0,42,14887993
1553,4,24,47,1,35,50366160
1554,4,24,47,0,39,75734681
1555,3,18,38,0,30,86545869
1556,6,30,59,0,51,13827997
1557,2,19,36,1,24,79024059
1558,7,20,52,0,44,86748545
1559,2,15,32,0,24,94387446
1560,4,31,54,1,42,19378597
1561,3,19,39,0,31,01775665
1562,6,14,43,0,35,45974674
1563,2,19,36,0,28,98856757
1564,2,28,45,0,37,06775497
1565,6,21,50,0,42,24377543
1566,3,14,34,0,26,84874792
1567,4,18,41,0,33,17581714
1568,3,18,38,0,30,25594547
1569,4,21,44,0,36,92745888
1570,5,21,47,0,39,84976469
1571,3,25,45,0,37,92095591
1572,4,21,44,1,32,19550607
1573,3,26,46,0,38,12126736
1574,3,26,46,0,38,77578436
1575,4,21,44,0,36,88574160
1576,4,29,52,0,44,52818195
1577,5,22,48,0,40,41858476
1578,1,12,26,0,18,09150220
1579,5,15,41,0,33,84436870
1580,4,27,50,0,42,57544593
1581,5,24,50,0,42,75340266
1582,3,21,41,0,33,49959395
1583,4,12,35,0,27,79097471
1584,4,28,51,0,43,54973092
1585,3,21,41,0,33,87999421
1586,5,16,42,1,30,46314885
1587,3,19,39,0,31,07979608
1588,5,20,46,0,38,75650303
1589,1,15,29,0,21,97557994
1590,3,30,50,0,42,24879846
1591,4,18,41,1,29,67930033
1592,2,20,37,1,25,71085785
1593,6,17,46,0,38,18724636
1594,6,25,54,0,46,75844124
1595,2,20,37,2,21,46487358
1596,4,29,52,0,44,76958461
1597,3,24,44,0,36,86626985
1598,4,16,39,0,31,17177445
1599,3,25,45,0,37,26959378
1600,4,27,50,0,42,73554654
1601,3,16,36,0,28,76464176
1602,5,21,47,1,35,95447647
1603,4,22,45,0,37,67694891
1604,3,25,45,0,37,44979438
1605,5,19,45,0,37,82640349
1606,3,31,51,1,39,62556947
1607,4,15,38,1,26,02474734
1608,3,20,40,0,32,86961977
1609,4,22,45,1,33,48491001
1610,6,18,47,0,39,92846585
1611,2,21,38,0,30,36895139
1612,4,22,45,0,37,77440826
1613,3,17,37,0,29,46990788
1614,3,22,42,0,34,49564694
1615,4,24,47,0,39,44677945
1616,2,20,37,1,25,88096507
1617,6,19,48,0,40,65494716
1618,2,18,35,0,27,85980449
1619,7,19,51,0,43,14764855
1620,3,24,44,0,36,76871616
1621,4,28,51,0,43,39699172
1622,2,27,44,0,36,68496723
1623,6,29,58,0,50,60598757
1624,6,25,54,0,46,42367076
1625,2,28,45,0,37,85203777
1626,4,24,47,0,39,87488871
1627,3,15,35,0,27,78956563
1628,4,26,49,0,41,24667591
1629,3,24,44,0,36,85670275
1630,3,16,36,0,28,14454748
1631,5,26,52,0,44,83915542
1632,3,22,42,0,34,59579612
1633,4,30,53,0,45,77755787
1634,4,21,44,1,32,97055829
1635,3,16,36,0,28,00577516
1636,5,20,46,0,38,76173765
1637,5,26,52,0,44,08959090
1638,5,21,47,0,39,97574349
1639,1,19,33,0,25,66554554
1640,4,11,34,0,26,35844508
1641,3,21,41,0,33,87686811
1642,6,28,57,0,49,50496548
1643,2,13,30,0,22,85874940
1644,2,16,33,0,25,32469891
1645,6,15,44,0,36,14158184
1646,3,23,43,0,35,39934565
1647,4,19,42,0,34,94543388
1648,3,29,49,0,41,66555126
1649,4,29,52,0,44,83441831
1650,5,22,48,0,40,71199276
1651,2,18,35,0,27,41886266
1652,4,16,39,1,27,95136766
1653,3,29,49,0,41,45775735
1654,3,19,39,0,31,45774884
1655,4,27,50,0,42,89454941
1656,6,15,44,0,36,54564445
1657,5,28,54,0,46,87569628
1658,1,19,33,0,25,95614748
1659,5,23,49,0,41,12298699
1660,3,21,41,1,29,75427657
1661,4,16,39,0,31,38979066
1662,4,14,37,1,25,09871095
1663,5,30,56,0,48,33488818
1664,5,18,44,0,36,96678715
1665,3,14,34,0,26,00076477
1666,4,20,43,0,35,21356774
1667,3,24,44,0,36,78589567
1668,4,21,44,0,36,97656419
1669,3,18,38,0,30,65814089
1670,2,11,28,0,20,98461575
1671,6,26,55,0,47,56831310
1672,3,23,43,0,35,95292914
1673,4,21,44,0,36,25437766
1674,4,17,40,0,32,92564885
1675,3,16,36,0,28,67978863
1676,6,24,53,1,41,87765757
1677,2,14,31,0,23,73991634
1678,7,20,52,0,44,44493161
1679,2,15,32,0,24,56707845
1680,6,15,44,0,36,72838991
1681,2,26,43,0,35,48527551
1682,4,26,49,0,41,96976745
1683,3,17,37,0,29,68782509
1684,3,22,42,0,34,16455148
1685,4,18,41,0,33,16808147
1686,2,29,46,0,38,87474911
1687,6,15,44,0,36,76501534
1688,2,23,40,0,32,92385598
1689,4,25,48,0,40,66870857
1690,4,13,36,0,28,77951877
1691,3,14,34,0,26,97162644
1692,5,22,48,0,40,90605759
1693,3,22,42,0,34,29981035
1694,4,31,54,0,46,84695018
1695,5,22,48,0,40,43354529
1696,3,29,49,1,37,79247879
1697,4,30,53,0,45,85117847
1698,3,16,36,0,28,98640580
1699,4,13,36,0,28,98787716
1700,3,25,45,1,33,54417762
1701,4,21,44,0,36,47835910
1702,2,23,40,1,28,85687973
1703,8,24,59,0,51,17799782
1704,7,19,51,0,43,83918489
1705,2,21,38,0,30,45478097
1706,4,25,48,0,40,09272779
1707,3,22,42,0,34,51035855
1708,4,25,48,0,40,71466293
1709,3,22,42,1,30,24995719
1710,1,17,31,0,23,72394195
1711,5,24,50,1,38,39455493
1712,3,18,38,1,26,94836266
1713,4,32,55,1,43,77974968
1714,4,19,42,0,34,25588887
1715,3,14,34,0,26,62698976
1716,5,10,36,0,28,45817605
1717,1,22,36,0,28,94146098
1718,5,13,39,0,31,66496797
1719,4,27,50,0,42,89595547
1720,4,13,36,0,28,86995080
1721,3,24,44,1,32,18880498
1722,5,23,49,0,41,58469689
1723,1,16,30,0,22,07841761
1724,1,17,31,0,23,66187613
1725,5,29,55,0,47,59863947
1726,3,26,46,0,38,49959071
1727,4,24,47,0,39,69766565
1728,3,22,42,1,30,88944648
1729,4,13,36,0,28,39888261
1730,5,28,54,1,42,45694849
1731,2,14,31,0,23,39804777
1732,4,15,38,0,30,63754678
1733,3,30,50,1,38,86198579
1734,3,11,31,0,23,39300599
1735,4,19,42,0,34,17048254
1736,2,28,45,0,37,34425314
1737,7,20,52,0,44,87819376
1738,2,25,42,0,34,20569653
1739,6,10,39,0,31,79975096
1740,3,14,34,1,22,92785296
1741,4,23,46,0,38,21548504
1742,1,25,39,0,31,19457996
1743,5,21,47,0,39,78317514
1744,5,24,50,1,38,64978948
1745,1,16,30,0,22,96809432
1746,4,24,47,1,35,77742920
1747,3,16,36,0,28,59638084
1748,4,20,43,0,35,91317890
1749,3,15,35,0,27,58292586
1750,2,15,32,0,24,59869987
1751,8,11,46,1,34,89374288
1752,3,12,32,0,24,94218404
1753,4,19,42,0,34,44678536
1754,4,22,45,0,37,53868566
1755,3,19,39,0,31,40669774
1756,7,23,55,0,47,33560788
1757,2,14,31,0,23,67621556
1758,6,18,47,0,39,97589184
1759,2,18,35,0,27,98598894
1760,4,27,50,0,42,85699754
1761,3,16,36,0,28,44812434
1762,3,23,43,0,35,17824808
1763,2,23,40,0,32,74677636
1764,2,16,33,0,25,96586774
1765,7,25,57,0,49,71860839
1766,3,25,45,0,37,80899575
1767,4,17,40,0,32,75893592
1768,3,16,36,0,28,75789616
1769,4,17,40,0,32,83595966
1770,5,16,42,0,34,44353595
1771,1,21,35,0,27,90565474
1772,4,20,43,0,35,34248440
1773,3,22,42,0,34,88239335
1774,3,22,42,1,30,13210097
1775,4,16,39,0,31,26796718
1776,1,16,30,0,22,56552085
1777,5,25,51,0,43,98522146
1778,4,12,35,0,27,89740661
1779,5,20,46,0,38,44864457
1780,1,28,42,0,34,90939292
1781,5,10,36,1,24,58392859
1782,3,17,37,0,29,64917603
1783,4,13,36,0,28,32665656
1784,4,30,53,1,41,75035369
1785,3,20,40,0,32,51674463
1786,5,19,45,1,33,89808537
1787,1,13,27,1,15,37537598
1788,5,14,40,1,28,27048643
1789,3,19,39,1,27,89099606
1790,3,25,45,0,37,40970706
1791,4,15,38,0,30,45995445
1792,2,25,42,0,34,08110969
1793,7,14,46,0,38,86448180
1794,8,16,51,0,43,78449237
1795,2,24,41,0,33,96867934
1796,4,31,54,0,46,71345429
1797,3,25,45,0,37,99574488
1798,4,18,41,0,33,35559572
1799,3,28,48,0,40,70659645
1800,6,19,48,0,40,48643058
1801,2,16,33,0,25,86193734
1802,4,31,54,0,46,33867943
1803,3,19,39,1,27,38364271
1804,3,19,39,0,31,18945466
1805,4,25,48,0,40,64679114
1806,2,23,40,0,32,54955780
1807,6,18,47,0,39,84948045
1808,2,23,40,0,32,66542842
1809,7,21,53,0,45,67408945
1810,4,15,38,0,30,97773942
1811,3,18,38,0,30,53559168
1812,5,25,51,1,39,10876550
1813,1,11,25,0,17,66556874
1814,5,27,53,0,45,33764148
1815,5,17,43,1,31,68419667
1816,3,19,39,0,31,30580595
1817,4,13,36,1,24,74788928
1818,3,15,35,0,27,19464997
1819,4,18,41,0,33,69115740
1820,4,26,49,1,37,14835018
1821,5,16,42,0,34,08820697
1822,3,25,45,0,37,93902408
1823,4,14,37,0,29,07878665
1824,4,18,41,0,33,37579968
1825,3,12,32,0,24,51982042
1826,5,26,52,0,44,01698155
1827,3,18,38,0,30,45744884
1828,5,22,48,0,40,94898558
1829,1,24,38,0,30,63516798
1830,3,16,36,0,28,57155938
1831,4,24,47,0,39,70275264
1832,2,18,35,0,27,34749561
1833,6,18,47,0,39,66525149
1834,6,22,51,1,39,54677984
1835,2,23,40,0,32,38669303
1836,4,31,54,1,42,14858974
1837,3,16,36,0,28,41894648
1838,4,18,41,0,33,79622509
1839,3,27,47,0,39,30944446
1840,5,21,47,0,39,88199788
1841,4,13,36,0,28,16090576
1842,4,24,47,0,39,93547378
1843,3,23,43,1,31,77422787
1844,3,28,48,0,40,57510734
1845,4,14,37,0,29,47187585
1846,3,29,49,0,41,87114954
1847,5,18,44,0,36,53754792
1848,1,30,44,0,36,73051666
1849,5,26,52,1,40,14606919
1850,4,27,50,0,42,76293066
1851,3,13,33,0,25,68796690
1852,6,14,43,1,31,07987735
1853,2,15,32,0,24,56572861
1854,2,16,33,0,25,84595167
1855,6,27,56,0,48,43395708
1856,3,21,41,0,33,04942942
1857,4,17,40,1,28,49846074
1858,3,31,51,0,43,65544438
1859,4,11,34,0,26,28961239
1860,2,25,42,1,30,82770244
1861,6,12,41,1,29,86076796
1862,3,20,40,0,32,45977491
1863,4,23,46,1,34,07845096
1864,4,28,51,0,43,71602265
1865,3,17,37,0,29,47988718
1866,6,26,55,0,47,48659973
1867,2,19,36,1,24,76580868
1868,7,27,59,0,51,67371023
1869,2,28,45,0,37,84089687
1870,3,21,41,0,33,88658616
1871,4,18,41,0,33,58965242
1872,2,18,35,0,27,15565233
1873,5,17,43,0,35,19503407
1874,5,15,41,0,33,54679069
1875,7,14,46,0,38,95788877
1876,4,28,51,1,39,04877093
1877,3,28,48,0,40,55156469
1878,4,16,39,1,27,56747818
1879,3,13,33,0,25,33965561
1880,4,13,36,0,28,86788295
1881,3,20,40,0,32,84465777
1882,5,21,47,0,39,49807724
1883,7,16,48,0,40,88806682
1884,2,20,37,0,29,17511804
1885,5,20,46,0,38,38396765
1886,3,17,37,1,25,76536590
1887,4,26,49,0,41,56855515
1888,3,17,37,0,29,53286575
1889,4,25,48,1,36,87898582
1890,6,11,40,0,32,72035037
1891,2,29,46,0,38,24645305
1892,4,17,40,1,28,96476455
1893,3,10,30,1,18,07718173
1894,3,22,42,1,30,89754231
1895,4,17,40,0,32,46760810
1896,2,27,44,0,36,02018972
1897,6,22,51,0,43,99454489
1898,2,11,28,0,20,55449435
1899,8,22,57,0,49,56129998
1900,1,25,39,0,31,81207635
1901,5,22,48,0,40,16764439
1902,3,26,46,0,38,58778663
1903,4,14,37,0,29,98147339
1904,4,30,53,0,45,79299550
1905,3,27,47,0,39,75300556
1906,5,29,55,0,47,65556425
1907,1,18,32,0,24,99606614
1908,5,21,47,0,39,68374715
1909,1,12,26,1,14,59689649
1910,3,12,32,0,24,46847509
1911,4,15,38,1,26,63575766
1912,2,23,40,0,32,81989899
1913,5,23,49,1,37,43524906
1914,7,10,42,0,34,47459542
1915,2,23,40,0,32,36571886
1916,4,30,53,0,45,60487961
1917,3,20,40,0,32,72499593
1918,4,32,55,0,47,28595665
1919,3,27,47,1,35,36486081
1920,8,20,55,0,47,83268386
1921,2,19,36,0,28,86115869
1922,4,16,39,0,31,65807507
1923,3,15,35,0,27,22844494
1924,3,17,37,0,29,45603627
1925,4,22,45,0,37,30657696
1926,2,25,42,0,34,40996984
1927,7,23,55,0,47,52635664
1928,2,15,32,0,24,59777656
1929,6,15,44,0,36,37688411
1930,4,15,38,1,26,46196598
1931,3,25,45,1,33,05977988
1932,5,12,38,0,30,95975386
1933,1,30,44,0,36,28543657
1934,1,25,39,1,27,60531573
1935,5,16,42,0,34,63418473
1936,3,18,38,0,30,95128663
1937,4,17,40,0,32,15440877
1938,3,17,37,0,29,02665803
1939,4,21,44,2,28,27379949
1940,2,12,29,0,21,66136790
1941,3,12,32,0,24,39709498
1942,3,25,45,0,37,27727744
1943,4,24,47,0,39,31398522
1944,4,19,42,0,34,34812669
1945,3,16,36,0,28,99577999
1946,7,22,54,1,42,41058678
1947,2,28,45,0,37,44849163
1948,6,12,41,0,33,99534659
1949,2,12,29,0,21,45940758
1950,3,20,40,0,32,77946892
1951,4,13,36,0,28,49823907
1952,1,32,46,0,38,46921324
1953,5,13,39,0,31,71555979
1954,5,20,46,0,38,99754654
1955,1,20,34,0,26,48055796
1956,4,20,43,0,35,64889925
1957,3,18,38,1,26,59725190
1958,4,21,44,0,36,05757347
1959,3,14,34,0,26,70274203
1960,5,23,49,0,41,45764531
1961,1,20,34,0,26,70499580
1962,4,16,39,0,31,54468967
1963,3,24,44,0,36,47451978
1964,3,30,50,0,42,04787525
1965,4,12,35,0,27,47083866
1966,1,25,39,1,27,87792344
1967,5,20,46,1,34,49189956
1968,2,21,38,0,30,39619894
1969,5,30,56,0,48,45865446
1970,4,16,39,0,31,72794386
1971,3,27,47,0,39,48552841
1972,8,17,52,0,44,24539918
1973,2,22,39,0,31,17191471
1974,2,24,41,0,33,20549961
1975,7,27,59,0,51,14489783
1976,3,27,47,0,39,48394774
1977,4,22,45,1,33,97049146
1978,3,10,30,0,22,66545929
1979,4,31,54,0,46,57985947
1980,3,26,46,1,34,25349563
1981,4,19,42,0,34,20797245
1982,2,24,41,0,33,98256936
1983,7,24,56,0,48,12856476
1984,6,22,51,0,43,20280708
1985,2,11,28,0,20,78772856
1986,4,26,49,0,41,66688976
1987,3,16,36,0,28,30766698
1988,4,19,42,0,34,96470834
1989,3,21,41,0,33,00386080
1990,1,24,38,0,30,41971728
1991,5,11,37,1,25,66899076
1992,3,27,47,0,39,56249482
1993,4,18,41,0,33,55953895
1994,4,26,49,0,41,54536894
1995,3,16,36,0,28,54659198
1996,5,25,51,1,39,64406964
1997,1,15,29,0,21,62977989
1998,5,26,52,0,44,14932067
1999,7,20,52,0,44,87493905
2000,6,22,51,1,39,07381802
2001,2,19,36,0,28,65576439
2002,5,15,41,0,33,87631936
2003,4,22,45,0,37,00596291
2004,4,12,35,0,27,54057588
2005,5,21,47,0,39,47724974
2006,2,25,42,0,34,44543726
2007,6,27,56,0,48,61577907
2008,4,30,53,0,45,70778394
2009,6,13,42,0,34,85494552
2010,5,18,44,0,36,45478694
2011,4,18,41,0,33,48785647
2012,5,25,51,0,43,65559873
2013,3,25,45,0,37,49379358
2014,3,15,35,0,27,45139602
2015,8,24,59,0,51,02743615
2016,4,26,49,0,41,52956026
2017,5,11,37,0,29,78246997
2018,4,22,45,0,37,46082391
2019,5,17,43,1,31,48444099
2020,3,19,39,0,31,25977358
2021,6,15,44,0,36,14598609
2022,4,26,49,0,41,97768366
2023,5,20,46,0,38,54422444
2024,5,26,52,0,44,54471654
2025,4,23,46,0,38,23485276
2026,8,17,52,0,44,66475694
2027,3,25,45,0,37,27086844
2028,7,19,51,0,43,89616087
2029,3,32,52,0,44,48955288
2030,4,30,53,0,45,79056619
2031,5,27,53,0,45,78874549
2032,2,25,42,1,30,39496648
2033,6,17,46,0,38,46680205
2034,6,22,51,1,39,18962474
2035,2,24,41,0,33,24045813
2036,5,28,54,0,46,56724152
2037,4,14,37,0,29,22843355
2038,5,30,56,1,44,17733109
2039,4,27,50,0,42,97527385
2040,3,31,51,1,39,50369218
2041,3,16,36,0,28,82099156
2042,5,25,51,0,43,84892502
2043,4,28,51,1,39,79721747
2044,4,17,40,0,32,08774889
2045,5,19,45,1,33,29577303
2046,3,12,32,1,20,07698453
2047,8,23,58,0,50,30946720
2048,3,14,34,1,22,90972077
2049,7,17,49,0,41,27819572
2050,5,15,41,1,29,44578669
2051,4,21,44,0,36,92437755
2052,6,22,51,0,43,84918085
2053,2,19,36,0,28,69465784
2054,2,21,38,0,30,51955299
2055,6,18,47,0,39,79455626
2056,4,21,44,0,36,66440046
2057,5,20,46,0,38,59747440
2058,4,24,47,0,39,92225748
2059,5,16,42,0,34,79009424
2060,2,15,32,0,24,15804707
2061,6,21,50,0,42,37987835
2062,4,25,48,0,40,27970239
2063,5,16,42,0,34,75782164
2064,5,25,51,0,43,39985782
2065,4,22,45,0,37,54549414
2066,6,25,54,0,46,59448682
2067,2,21,38,1,26,49993756
2068,6,13,42,0,34,57842856
2069,4,31,54,0,46,91852565
2070,4,25,48,0,40,52898678
2071,5,15,41,0,33,47942637
2072,3,21,41,0,33,90673699
2073,5,15,41,0,33,51875449
2074,8,16,51,0,43,33839548
2075,3,24,44,0,36,60223646
2076,5,14,40,0,32,84786589
2077,4,24,47,0,39,02665485
2078,5,25,51,0,43,24196001
2079,4,16,39,0,31,32467770
2080,5,21,47,0,39,53867037
2081,4,22,45,1,33,70383557
2082,8,24,59,0,51,98994450
2083,3,23,43,0,35,07868938
2084,3,19,39,0,31,55446178
2085,5,28,54,0,46,24798285
2086,4,29,52,0,44,48313856
2087,5,17,43,0,35,84038992
2088,4,28,51,1,39,27745859
2089,5,19,45,0,37,64244053
2090,6,15,44,0,36,83247578
2091,2,24,41,0,33,56425886
2092,5,27,53,0,45,56047428
2093,4,13,36,0,28,95683848
2094,4,29,52,0,44,74411173
2095,5,19,45,0,37,05785705
2096,2,16,33,0,25,26706126
2097,6,12,41,0,33,79959068
2098,1,12,26,0,18,70445483
2099,6,22,51,0,43,66486845
2100,3,24,44,1,32,44798671
2101,7,24,56,0,48,75929567
2102,4,23,46,0,38,58245984
2103,5,15,41,0,33,65869810
2104,5,22,48,1,36,88559637
2105,4,16,39,0,31,59943086
2106,7,23,55,0,47,87592578
2107,3,18,38,0,30,42728195
2108,8,24,59,0,51,55481172
2109,3,19,39,0,31,66252468
2110,4,21,44,0,36,15349668
2111,5,19,45,1,33,40687840
2112,1,20,34,1,22,14676649
2113,6,17,46,0,38,56597421
2114,6,19,48,0,40,48715688
2115,5,23,49,0,41,92985369
2116,5,21,47,1,35,89485257
2117,4,30,53,0,45,77495626
2118,5,22,48,0,40,55172997
2119,4,12,35,0,27,39656896
2120,6,16,45,0,37,43790373
2121,1,19,33,0,25,56383985
2122,5,29,55,1,43,96399797
2123,4,32,55,0,47,11750988
2124,4,24,47,0,39,38327549
2125,5,14,40,0,32,16910572
2126,2,21,38,0,30,36905105
2127,6,26,55,0,47,89804898
2128,2,14,31,0,23,99775154
2129,6,27,56,0,48,96299348
2130,5,21,47,0,39,28409420
2131,4,14,37,0,29,78081861
2132,7,27,59,0,51,25865165
2133,3,29,49,0,41,25906794
2134,3,13,33,0,25,06196846
2135,7,16,48,1,36,84238908
2136,4,13,36,0,28,56739777
2137,5,22,48,0,40,39479495
2138,4,26,49,0,41,67548795
2139,5,20,46,0,38,85664748
2140,1,19,33,0,25,55118496
2141,6,20,49,0,41,10756479
2142,4,13,36,0,28,98242585
2143,5,13,39,0,31,48194177
2144,5,25,51,0,43,58655834
2145,4,26,49,1,37,65689288
2146,6,19,48,0,40,48459383
2147,3,18,38,0,30,46976448
2148,6,30,59,0,51,93349946
2149,2,21,38,1,26,60192616
2150,4,30,53,0,45,37898631
2151,5,22,48,0,40,56797197
2152,3,30,50,0,42,97557670
2153,7,27,59,0,51,42455950
2154,7,22,54,0,46,85317776
2155,3,21,41,0,33,59266064
2156,5,23,49,0,41,54685881
2157,4,25,48,0,40,28777192
2158,5,24,50,1,38,29094245
2159,4,28,51,0,43,85835156
2160,7,26,58,0,50,77863062
2161,3,19,39,0,31,54551967
2162,5,14,40,0,32,62117812
2163,4,27,50,0,42,00868745
2164,4,20,43,0,35,99244749
2165,5,24,50,1,38,96876895
2166,3,13,33,0,25,83504855
2167,7,18,50,0,42,44814879
2168,3,31,51,0,43,17075426
2169,8,17,52,0,44,47874832
2170,5,18,44,0,36,37498994
2171,4,25,48,0,40,95793748
2172,6,28,57,0,49,26651444
2173,1,15,29,0,21,39814193
2174,5,21,47,1,35,72180157
2175,6,14,43,0,35,38896107
2176,4,18,41,0,33,88261627
2177,5,21,47,0,39,03238974
2178,4,22,45,0,37,79963654
2179,5,27,53,0,45,65878496
2180,4,18,41,0,33,45982859
2181,5,15,41,1,29,18576646
2182,5,17,43,0,35,98165646
2183,6,23,52,0,44,75746823
2184,6,22,51,0,43,86148467
2185,1,14,28,0,20,65589703
2186,5,20,46,0,38,65235089
2187,4,15,38,0,30,12423378
2188,5,25,51,0,43,86551547
2189,4,22,45,0,37,36804309
2190,3,20,40,0,32,24896637
2191,7,17,49,1,37,36500794
2192,4,14,37,0,29,29780075
2193,5,18,44,0,36,01499566
2194,5,22,48,0,40,98534720
2195,4,22,45,0,37,99558821
2196,7,17,49,0,41,09478649
2197,3,19,39,1,27,92798156
2198,4,22,45,1,33,44977596
2199,3,19,39,0,31,44162400
2200,6,22,51,1,39,91895950
2201,1,24,38,0,30,62837968
2202,5,25,51,0,43,85594773
2203,4,16,39,0,31,74885325
2204,4,18,41,0,33,34643659
2205,5,25,51,0,43,73556992
2206,4,20,43,0,35,87724385
2207,6,30,59,0,51,46637811
2208,2,25,42,0,34,06559654
2209,6,24,53,1,41,06500916
2210,5,16,42,0,34,27098851
2211,4,16,39,0,31,45661589
2212,7,25,57,0,49,70169567
2213,3,23,43,0,35,21074826
2214,3,23,43,0,35,60128348
2215,7,20,52,0,44,84886794
2216,4,20,43,0,35,50784525
2217,5,14,40,0,32,68277479
2218,4,12,35,0,27,74679068
2219,5,18,44,0,36,96578499
2220,3,22,42,1,30,65272868
2221,7,20,52,0,44,87276584
2222,4,19,42,0,34,47010796
2223,5,22,48,0,40,64612056
2224,5,15,41,0,33,84455844
2225,4,28,51,0,43,76601177
2226,7,27,59,0,51,55702203
2227,3,25,45,0,37,95145905
2228,8,18,53,0,45,34448945
2229,3,25,45,0,37,76027444
2230,4,19,42,1,30,85699095
2231,5,25,51,0,43,80771795
2232,1,14,28,0,20,49036086
2233,6,28,57,0,49,89434647
2234,6,25,54,0,46,45453627
2235,7,23,55,0,47,40844758
2236,5,28,54,0,46,94585655
2237,4,28,51,0,43,17728544
2238,5,16,42,0,34,82869948
2239,4,17,40,0,32,25985798
2240,7,27,59,0,51,09415837
2241,3,27,47,0,39,50449753
2242,5,19,45,0,37,43262391
2243,4,24,47,0,39,03482768
2244,4,15,38,1,26,20246208
2245,5,23,49,0,41,15405769
2246,3,22,42,0,34,95495392
2247,7,27,59,0,51,88989996
2248,3,21,41,0,33,63070937
2249,8,15,50,0,42,59864429
2250,5,21,47,1,35,95238094
2251,4,27,50,0,42,65683190
2252,6,11,40,0,32,47277517
2253,1,19,33,0,25,84605492
2254,6,28,57,0,49,59956743
2255,6,25,54,0,46,66695928
2256,4,18,41,0,33,54943376
2257,5,16,42,0,34,87205391
2258,4,15,38,0,30,85646642
2259,5,26,52,0,44,38776657
2260,1,24,38,0,30,99263655
2261,6,22,51,0,43,46163472
2262,4,28,51,0,43,99578884
2263,5,23,49,0,41,29915659
2264,5,23,49,0,41,41949254
2265,4,21,44,0,36,23762198
2266,6,13,42,0,34,58679366
2267,4,27,50,0,42,67884843
2268,6,21,50,0,42,57426688
2269,2,15,32,0,24,16968254
2270,4,28,51,0,43,03489983
2271,5,17,43,1,31,59935507
2272,3,17,37,0,29,79855528
2273,7,23,55,0,47,12097553
2274,7,25,57,0,49,75087546
2275,3,23,43,0,35,67705356
2276,5,20,46,0,38,47840441
2277,4,12,35,0,27,64284419
2278,5,24,50,0,42,58846076
2279,4,22,45,1,33,84006878
2280,5,21,47,1,35,92429287
2281,4,25,48,0,40,08378854
2282,7,21,53,0,45,65547925
2283,3,31,51,0,43,80907711
2284,3,22,42,0,34,97662425
2285,7,26,58,0,50,81401154
2286,4,29,52,1,40,90528978
2287,5,15,41,0,33,73565665
2288,4,21,44,0,36,55441881
2289,5,17,43,1,31,44870016
2290,6,17,46,1,34,47114947
2291,4,25,48,0,40,55795792
2292,5,27,53,0,45,69416353
2293,4,16,39,0,31,16553508
2294,4,27,50,0,42,82744309
2295,5,23,49,0,41,38553455
2296,1,21,35,0,27,95682472
2297,6,21,50,0,42,68174869
2298,2,17,34,0,26,88837067
2299,6,21,50,0,42,47303434
2300,3,22,42,1,30,90970461
2301,4,20,43,0,35,15468138
2302,4,19,42,0,34,87343687
2303,5,24,50,1,38,19565354
2304,5,15,41,1,29,06757018
2305,4,27,50,0,42,19384679
2306,8,17,52,0,44,12738658
2307,3,20,40,0,32,40154447
2308,7,15,47,0,39,54734987
2309,3,20,40,0,32,55703778
2310,4,31,54,1,42,48315856
2311,5,19,45,0,37,54242879
2312,2,16,33,0,25,10455365
2313,6,27,56,0,48,37286390
2314,6,14,43,0,35,98244745
2315,2,21,38,0,30,38081572
2316,5,25,51,0,43,17452847
2317,4,24,47,0,39,45768659
2318,5,18,44,0,36,07277964
2319,4,19,42,1,30,94985201
2320,6,16,45,0,37,35685257
2321,2,21,38,0,30,40455337
2322,5,21,47,0,39,85386281
2323,4,24,47,0,39,69775987
2324,4,27,50,0,42,76385293
2325,5,23,49,0,41,99988025
2326,2,25,42,0,34,08696442
2327,6,30,59,0,51,31866895
2328,3,21,41,1,29,23656776
2329,6,29,58,0,50,64533690
2330,5,22,48,0,40,91619619
2331,4,20,43,0,35,67957181
2332,4,24,47,0,39,64569402
2333,3,27,47,0,39,33367439
2334,3,13,33,1,21,84241544
2335,8,16,51,0,43,59286468
2336,4,26,49,0,41,95488379
2337,5,18,44,0,36,32392726
2338,4,21,44,0,36,48615669
2339,5,23,49,0,41,63599095
2340,2,26,43,1,31,85172158
2341,6,11,40,0,32,89743854
2342,4,19,42,0,34,34412812
2343,5,21,47,0,39,88452852
2344,5,22,48,0,40,85983893
2345,4,21,44,0,36,44695800
2346,6,26,55,0,47,89328146
2347,2,22,39,0,31,20136435
2348,6,24,53,0,45,47926396
2349,6,30,59,0,51,00953526
2350,4,18,41,1,29,62415315
2351,5,10,36,0,28,76659439
2352,3,15,35,0,27,33455479
2353,6,19,48,0,40,31146008
2354,8,20,55,0,47,12455699
2355,3,24,44,0,36,84851820
2356,5,25,51,0,43,55226009
2357,4,28,51,0,43,74677665
2358,5,19,45,0,37,85646698
2359,4,29,52,0,44,57557036
2360,4,30,53,1,41,29267874
2361,3,21,41,1,29,80928574
2362,5,25,51,0,43,69895753
2363,4,27,50,0,42,66417976
2364,4,19,42,0,34,48267696
2365,5,29,55,0,47,46627611
2366,3,32,52,0,44,84435382
2367,8,24,59,0,51,60675045
2368,3,13,33,0,25,25239551
2369,7,20,52,0,44,77254067
2370,5,19,45,0,37,65489220
2371,4,22,45,0,37,78801959
2372,6,29,58,1,46,47067427
2373,2,10,27,0,19,84258885
2374,2,21,38,0,30,92691660
2375,6,25,54,0,46,94778057
2376,4,25,48,0,40,49963556
2377,5,20,46,0,38,79276418
2378,4,22,45,0,37,79994468
2379,5,18,44,0,36,26448578
2380,4,22,45,0,37,65665667
2381,5,23,49,0,41,51765678
2382,2,19,36,0,28,88617218
2383,6,18,47,0,39,51774180
2384,6,24,53,0,45,27357985
2385,2,15,32,0,24,91055638
2386,5,14,40,0,32,67917914
2387,4,28,51,0,43,23571684
2388,5,18,44,0,36,00857370
2389,4,20,43,0,35,96368490
2390,3,22,42,0,34,08999681
2391,8,24,59,0,51,65764879
2392,4,21,44,0,36,52713820
2393,5,28,54,0,46,56616766
2394,5,16,42,1,30,84324624
2395,4,16,39,0,31,89785660
2396,4,24,47,0,39,97537259
2397,3,17,37,0,29,67144650
2398,7,21,53,0,45,36165864
2399,3,13,33,0,25,73602870
2400,7,24,56,0,48,24238453
2401,3,18,38,0,30,77279190
2402,5,26,52,0,44,48540866
2403,4,18,41,0,33,61715300
2404,4,20,43,0,35,89259260
2405,5,22,48,0,40,27853129
2406,3,24,44,1,32,68670155
2407,7,27,59,0,51,96154609
2408,3,13,33,0,25,88836755
2409,3,19,39,0,31,49733428
2410,5,24,50,0,42,47199454
2411,4,26,49,0,41,71155502
2412,6,20,49,1,37,11284028
2413,7,17,49,0,41,49663455
2414,1,17,31,0,23,45640293
2415,6,20,49,0,41,97837145
2416,4,23,46,0,38,65579068
2417,5,20,46,0,38,79985569
2418,4,27,50,0,42,44984222
2419,5,18,44,0,36,61668727
2420,4,21,44,1,32,79859007
2421,6,24,53,0,45,82987157
2422,4,26,49,0,41,58607567
2423,5,19,45,0,37,08089718
2424,5,24,50,0,42,73564120
2425,4,11,34,0,26,85158435
2426,6,28,57,0,49,47233192
2427,1,18,32,0,24,09946251
2428,6,19,48,0,40,70685921
2429,2,26,43,0,35,99711973
2430,4,24,47,1,35,69077446
2431,5,22,48,0,40,44154749
2432,3,29,49,0,41,70337891
2433,7,23,55,0,47,87843644
2434,7,22,54,0,46,26729169
2435,3,23,43,0,35,04838912
2436,5,15,41,0,33,65844395
2437,4,16,39,0,31,67355780
2438,5,20,46,0,38,86857803
2439,4,21,44,0,36,05284658
2440,6,28,57,0,49,64692474
2441,4,24,47,0,39,80746675
2442,5,14,40,0,32,79159213
2443,4,26,49,0,41,04085097
2444,4,18,41,1,29,00084819
2445,5,27,53,2,37,84713992
2446,1,28,42,0,34,76474746
2447,6,27,56,0,48,65743341
2448,2,29,46,0,38,48464885
2449,6,20,49,0,41,91666779
2450,5,16,42,0,34,40745791
2451,4,21,44,1,32,86011442
2452,7,18,50,0,42,90586975
2453,3,18,38,0,30,45840086
2454,3,19,39,0,31,66467697
2455,7,27,59,1,47,54840677
2456,4,28,51,0,43,44857034
2457,5,16,42,1,30,65545448
2458,4,20,43,0,35,45076048
2459,5,16,42,0,34,85474464
2460,3,16,36,0,28,54576701
2461,7,15,47,0,39,84459443
2462,4,22,45,0,37,51995857
2463,5,20,46,0,38,06685468
2464,5,24,50,0,42,74614227
2465,4,19,42,1,30,49958798
2466,7,21,53,0,45,20662067
2467,3,22,42,0,34,84817489
2468,2,18,35,0,27,42594151
2469,3,32,52,0,44,97176386
2470,4,28,51,0,43,95808523
2471,5,20,46,0,38,41449835
2472,6,15,44,0,36,87182488
2473,6,27,56,0,48,85447540
2474,6,29,58,1,46,44379763
2475,1,23,37,0,29,58557445
2476,5,26,52,0,44,23458872
2477,4,19,42,0,34,88903168
2478,5,20,46,0,38,96374289
2479,4,27,50,0,42,48962847
2480,5,17,43,1,31,57147470
2481,4,21,44,0,36,98669128
2482,6,24,53,0,45,84787745
2483,1,22,36,0,28,29021391
2484,6,25,54,0,46,97754695
2485,6,21,50,0,42,71647544
2486,4,13,36,0,28,54998496
2487,5,20,46,0,38,56057175
2488,4,20,43,0,35,77568388
2489,5,14,40,0,32,21812683
2490,7,14,46,0,38,46545577
2491,3,22,42,0,34,80255747
2492,5,17,43,0,35,23769553
2493,4,26,49,0,41,43917296
2494,4,20,43,1,31,72418443
2495,5,19,45,0,37,79489562
2496,3,27,47,0,39,53806942
2497,7,19,51,3,31,79447966
2498,3,12,32,0,24,10297801
2499,8,16,51,0,43,89404688
2500,2,18,35,0,27,91246555
2501,6,20,49,1,37,97747046
2502,4,14,37,0,29,59457563
2503,5,17,43,0,35,46432358
2504,5,27,53,0,45,87633843
2505,4,22,45,0,37,10687890
2506,6,21,50,0,42,94679918
2507,2,21,38,0,30,90496958
2508,6,30,59,1,47,50304738
2509,1,29,43,0,35,46629002
2510,4,27,50,0,42,40419477
2511,5,13,39,0,31,86744590
2512,3,22,42,1,30,76631932
2513,8,24,59,1,47,34664496
2514,5,26,52,1,40,98386104
2515,3,15,35,0,27,43445774
2516,5,20,46,0,38,92798540
2517,4,23,46,0,38,55764976
2518,5,14,40,1,28,74771128
2519,4,22,45,0,37,48872748
2520,8,24,59,0,51,59529668
2521,3,30,50,0,42,30846059
2522,5,32,58,1,46,97884055
2523,4,14,37,0,29,91694047
2524,4,29,52,0,44,48673975
2525,5,20,46,0,38,74864163
2526,3,23,43,0,35,74866914
2527,4,25,48,0,40,60768379
2528,3,26,46,0,38,56888226
2529,7,25,57,0,49,54345989
2530,5,25,51,1,39,56921025
2531,4,16,39,0,31,46624678
2532,6,23,52,1,40,36397146
2533,2,16,33,0,25,34150275
2534,2,20,37,0,29,47764541
2535,6,13,42,0,34,86687415
2536,4,13,36,0,28,52637717
2537,5,22,48,0,40,50956689
2538,4,19,42,0,34,90267957
2539,5,12,38,0,30,76553537
2540,3,17,37,0,29,54565949
2541,8,13,48,1,36,82697853
2542,4,20,43,0,35,78643278
2543,5,18,44,0,36,80908979
2544,5,16,42,0,34,49158759
2545,4,12,35,0,27,59608052
2546,4,16,39,0,31,58719496
2547,3,32,52,0,44,57577226
2548,7,17,49,0,41,55569870
2549,3,18,38,1,26,76399966
2550,4,13,36,0,28,74815726
2551,5,22,48,0,40,46738593
2552,2,12,29,0,21,66682424
2553,6,17,46,0,38,52063598
2554,6,16,45,0,37,40014262
2555,2,28,45,0,37,78487493
2556,5,20,46,0,38,18836745
2557,4,19,42,0,34,96784028
2558,5,17,43,0,35,73864706
2559,4,22,45,0,37,37079723
2560,6,19,48,0,40,95792297
2561,2,20,37,1,25,10797568
2562,5,16,42,0,34,57392886
2563,4,27,50,1,38,89290732
2564,4,15,38,0,30,99679925
2565,5,14,40,0,32,16995767
2566,2,17,34,0,26,24509820
2567,6,30,59,0,51,52447459
2568,1,20,34,0,26,98770493
2569,6,26,55,0,47,42884969
2570,5,26,52,0,44,04233994
2571,4,12,35,0,27,62759899
2572,8,21,56,0,48,36980749
2573,3,27,47,0,39,98640654
2574,3,25,45,0,37,25913421
2575,6,17,46,1,34,38328815
2576,4,28,51,1,39,66621140
2577,5,25,51,0,43,74774577
2578,4,19,42,0,34,71558623
2579,5,19,45,0,37,54861568
2580,4,16,39,2,23,23454978
2581,5,20,46,0,38,29665587
2582,3,26,46,0,38,42594492
2583,6,28,57,0,49,16449808
2584,8,22,57,0,49,89656074
2585,3,17,37,0,29,82756267
2586,5,25,51,0,43,90764044
2587,4,12,35,0,27,51498408
2588,5,27,53,0,45,91945247
2589,4,29,52,0,44,74054644
2590,2,28,45,0,37,54991786
2591,6,17,46,0,38,54258616
2592,4,18,41,2,25,86645666
2593,5,23,49,1,37,37757308
2594,5,24,50,0,42,70967553
2595,4,10,33,0,25,48890457
2596,6,28,57,0,49,06078635
2597,2,13,30,0,22,18686673
2598,6,25,54,0,46,95940251
2599,6,29,58,0,50,58650486
2600,8,24,59,0,51,82168454
2601,3,27,47,0,39,92445948
2602,5,31,57,0,49,66878938
2603,4,16,39,0,31,26746578
2604,4,18,41,1,29,90957393
2605,5,18,44,1,32,39307478
2606,3,20,40,0,32,58502512
2607,3,19,39,0,31,50705646
2608,3,27,47,0,39,11918438
2609,7,17,49,0,41,55634533
2610,5,27,53,0,45,37787750
2611,4,17,40,0,32,67469716
2612,6,30,59,0,51,20732699
2613,2,23,40,0,32,36767480
2614,2,24,41,0,33,82545628
2615,6,24,53,0,45,36855332
2616,4,21,44,0,36,75091726
2617,5,22,48,0,40,97694492
2618,4,14,37,0,29,71554845
2619,5,23,49,1,37,45764959
2620,2,24,41,0,33,84163577
2621,6,25,54,0,46,33650589
2622,4,20,43,0,35,56655837
2623,5,12,38,0,30,62456851
2624,5,18,44,0,36,45644208
2625,4,21,44,0,36,77046498
2626,6,17,46,0,38,48844762
2627,2,17,34,1,22,11499937
2628,6,29,58,0,50,33765308
2629,1,13,27,0,19,43937330
2630,4,29,52,0,44,34866839
2631,5,18,44,0,36,89673069
2632,3,21,41,0,33,74560868
2633,8,17,52,0,44,56547572
2634,5,24,50,0,42,43506809
2635,3,26,46,0,38,65651057
2636,5,21,47,0,39,99406418
2637,4,29,52,0,44,47937139
2638,5,25,51,0,43,13853794
2639,4,20,43,0,35,19880986
2640,6,22,51,0,43,44792849
2641,2,25,42,0,34,82581565
2642,5,31,57,0,49,66566208
2643,4,24,47,0,39,44346354
2644,4,14,37,0,29,77073372
2645,5,29,55,0,47,26866415
2646,2,27,44,0,36,07906713
2647,6,18,47,0,39,33609425
2648,1,31,45,0,37,35979877
2649,6,27,56,0,48,48828477
2650,5,21,47,0,39,54770496
2651,4,18,41,0,33,68491849
2652,8,24,59,2,43,16469299
2653,3,27,47,0,39,66877837
2654,3,23,43,0,35,89714717
2655,5,12,38,0,30,64999719
2656,4,24,47,0,39,26748776
2657,5,14,40,0,32,67059918
2658,4,16,39,0,31,69579556
2659,5,20,46,0,38,54375078
2660,3,17,37,0,29,00735104
2661,8,24,59,0,51,66582978
2662,4,20,43,0,35,44581638
2663,5,12,38,0,30,15776679
2664,5,17,43,0,35,67549964
2665,4,18,41,0,33,10895881
2666,3,16,36,0,28,99699852
2667,3,17,37,1,25,66349894
2668,7,20,52,0,44,07595080
2669,3,25,45,0,37,47890007
2670,4,21,44,0,36,86556077
2671,5,27,53,0,45,36576381
2672,2,28,45,0,37,09887667
2673,6,16,45,0,37,67562464
2674,6,15,44,0,36,56204008
2675,2,29,46,0,38,96051878
2676,5,23,49,0,41,08717948
2677,4,22,45,0,37,96968657
2678,5,23,49,0,41,28390892
2679,4,31,54,0,46,90593186
2680,5,23,49,0,41,58662645
2681,4,13,36,0,28,93868515
2682,6,26,55,0,47,35925476
2683,2,24,41,0,33,03140859
2684,2,22,39,0,31,99539704
2685,6,21,50,0,42,46182659
2686,4,23,46,0,38,97640824
2687,5,25,51,0,43,26669858
2688,4,22,45,0,37,54448654
2689,5,12,38,0,30,59489086
2690,3,26,46,0,38,04523469
2691,3,21,41,0,33,76548695
2692,5,23,49,0,41,60717930
2693,4,29,52,0,44,89145440
2694,4,25,48,0,40,12863394
2695,5,29,55,0,47,14806285
2696,3,25,45,0,37,08591874
2697,8,22,57,0,49,02851874
2698,3,27,47,0,39,97656780
2699,7,20,52,0,44,64881842
2700,2,23,40,0,32,76698866
2701,6,23,52,0,44,27989750
2702,4,24,47,0,39,24078359
2703,5,25,51,0,43,32884877
2704,5,29,55,0,47,56928261
2705,4,27,50,0,42,63979562
2706,6,17,46,1,34,98504697
2707,1,23,37,0,29,69975017
2708,6,19,48,0,40,94822545
2709,2,18,35,0,27,48828488
2710,4,13,36,0,28,65469628
2711,5,12,38,0,30,83905541
2712,3,22,42,0,34,47736762
2713,7,13,45,0,37,75575499
2714,7,27,59,0,51,95866371
2715,3,19,39,1,27,89686596
2716,5,27,53,0,45,38755745
2717,4,21,44,0,36,73104489
2718,5,23,49,1,37,96136627
2719,4,16,39,1,27,64662954
2720,7,22,54,1,42,75586891
2721,3,16,36,0,28,53886936
2722,5,15,41,0,33,95325645
2723,4,14,37,0,29,36586626
2724,4,20,43,0,35,78468753
2725,5,20,46,0,38,73697834
2726,3,21,41,0,33,51848846
2727,7,21,53,0,45,47861648
2728,3,26,46,0,38,96556367
2729,4,17,40,0,32,51812345
2730,5,14,40,0,32,65507295
2731,4,27,50,0,42,88865967
2732,6,21,50,0,42,67404195
2733,5,23,49,0,41,66996468
2734,1,28,42,0,34,75649870
2735,6,19,48,0,40,46001085
2736,4,30,53,0,45,79198085
2737,5,17,43,0,35,01399778
2738,4,13,36,0,28,91002531
2739,5,19,45,0,37,23786671
2740,3,17,37,0,29,18041307
2741,7,24,56,1,44,75863474
2742,4,25,48,0,40,48177061
2743,5,19,45,0,37,68947566
2744,5,15,41,1,29,74674664
2745,4,27,50,0,42,21448518
2746,7,13,45,0,37,39362191
2747,3,27,47,0,39,91963996
2748,4,18,41,1,29,87891778
2749,3,21,41,1,29,11849697
2750,4,23,46,0,38,71136414
2751,5,20,46,0,38,48606387
2752,5,14,40,0,32,89768142
2753,6,26,55,0,47,72793989
2754,6,23,52,0,44,75826684
2755,1,26,40,0,32,56846893
2756,5,17,43,0,35,76500886
2757,4,26,49,0,41,27309496
2758,5,20,46,0,38,95734695
2759,4,13,36,1,24,92934479
2760,6,20,49,1,37,91869992
2761,3,22,42,0,34,31084188
2762,5,21,47,0,39,69506795
2763,4,26,49,1,37,86600938
2764,4,14,37,1,25,12177656
2765,5,19,45,0,37,01682648
2766,1,22,36,0,28,77473554
2767,6,25,54,0,46,67447441
2768,2,15,32,0,24,58919061
2769,6,16,45,1,33,91590185
2770,5,21,47,0,39,75953280
2771,4,21,44,0,36,18794507
2772,7,16,48,0,40,55389465
2773,3,16,36,1,24,79422618
2774,3,23,43,1,31,46941815
2775,7,14,46,1,34,93989427
2776,4,17,40,0,32,64298598
2777,5,28,54,0,46,77699379
2778,4,23,46,0,38,89859804
2779,5,14,40,1,28,55153477
2780,4,22,45,1,33,75749525
2781,5,18,44,0,36,79543760
2782,3,30,50,1,38,94346173
2783,7,27,59,0,51,74855447
2784,7,19,51,0,43,01551564
2785,3,20,40,0,32,14942642
2786,5,28,54,0,46,84289755
2787,4,28,51,1,39,26115429
2788,5,26,52,0,44,49885415
2789,4,20,43,0,35,49267918
2790,1,12,26,0,18,07420649
2791,6,30,59,1,47,16286141
2792,4,15,38,0,30,24389259
2793,5,15,41,2,25,71715411
2794,5,24,50,0,42,71336456
2795,4,22,45,0,37,56537185
2796,6,30,59,0,51,74176320
2797,3,28,48,1,36,42266491
2798,6,28,57,1,45,45067049
2799,2,14,31,0,23,94969664
2800,5,14,40,0,32,23021677
2801,4,24,47,0,39,49909928
2802,6,23,52,1,40,47354976
2803,2,10,27,0,19,45199701
2804,2,24,41,1,29,74048426
2805,6,26,55,0,47,44667933
2806,4,20,43,1,31,74916675
2807,5,18,44,1,32,98529689
2808,4,14,37,0,29,40654010
2809,5,31,57,0,49,63925661
2810,8,22,57,0,49,85504676
2811,3,30,50,0,42,99676774
2812,5,20,46,0,38,40511446
2813,4,18,41,0,33,95375562
2814,4,16,39,0,31,09553608
2815,5,23,49,0,41,94446210
2816,3,26,46,0,38,11569556
2817,5,24,50,0,42,75669679
2818,3,23,43,0,35,57860956
2819,7,14,46,0,38,67859882
2820,4,13,36,0,28,77573428
2821,5,24,50,1,38,73817259
2822,3,17,37,0,29,38776865
2823,8,24,59,0,51,98195988
2824,2,19,36,0,28,76270408
2825,3,23,43,0,35,46271004
2826,5,13,39,0,31,85890204
2827,4,15,38,1,26,15644570
2828,5,11,37,0,29,76754599
2829,4,18,41,0,33,54991875
2830,2,20,37,0,29,04964958
2831,6,22,51,0,43,97684627
2832,4,24,47,0,39,18133746
2833,5,21,47,0,39,84619951
2834,5,17,43,0,35,56844878
2835,4,30,53,0,45,73869691
2836,6,19,48,0,40,57262554
2837,2,26,43,0,35,17007595
2838,6,20,49,0,41,68395656
2839,1,17,31,0,23,88029841
2840,5,24,50,0,42,45539679
2841,4,12,35,0,27,65631798
2842,8,20,55,0,47,75615197
2843,3,26,46,0,38,06444546
2844,3,20,40,0,32,74181844
2845,3,24,44,0,36,85357751
2846,4,25,48,0,40,54585170
2847,5,15,41,0,33,80259374
2848,4,13,36,0,28,26968270
2849,5,21,47,0,39,27648433
2850,6,17,46,0,38,65664406
2851,2,32,49,0,41,47779834
2852,5,25,51,0,43,11705953
2853,4,30,53,0,45,36297448
2854,4,24,47,0,39,65940290
2855,5,15,41,0,33,80870094
2856,2,28,45,0,37,46769139
2857,6,24,53,0,45,94449149
2858,1,30,44,1,32,51980454
2859,6,22,51,0,43,84927104
2860,4,22,45,0,37,96767275
2861,5,23,49,0,41,30520948
2862,2,21,38,1,26,24874796
2863,6,23,52,0,44,90876727
2864,6,14,43,0,35,95670516
2865,2,16,33,0,25,49592597
2866,5,19,45,0,37,62793568
2867,4,17,40,0,32,82228850
2868,5,17,43,0,35,84777954
2869,4,25,48,1,36,85134125
2870,3,24,44,0,36,54716054
2871,8,23,58,1,46,47386728
2872,4,25,48,0,40,66966224
2873,5,21,47,0,39,01279884
2874,5,21,47,0,39,97926077
2875,4,22,45,0,37,96148893
2876,5,16,42,0,34,55665194
2877,3,18,38,0,30,89538746
2878,7,25,57,0,49,86580819
2879,3,23,43,0,35,62765519
2880,5,22,48,0,40,92284349
2881,3,17,37,0,29,05380582
2882,5,19,45,1,33,83280436
2883,4,27,50,0,42,19058954
2884,4,16,39,0,31,82995648
2885,5,32,58,0,50,42909443
2886,3,24,44,0,36,45658344
2887,8,24,59,0,51,92898704
2888,3,13,33,0,25,37145496
2889,7,27,59,0,51,02556590
2890,5,15,41,0,33,48049673
2891,4,22,45,0,37,89352294
2892,6,21,50,0,42,83587838
2893,2,26,43,1,31,66982216
2894,2,17,34,1,22,09105391
2895,6,20,49,0,41,68476185
2896,4,15,38,0,30,95129829
2897,5,12,38,1,26,58465479
2898,4,17,40,0,32,96648961
2899,5,18,44,1,32,47647747
2900,4,19,42,1,30,58637457
2901,5,17,43,0,35,78774695
2902,3,27,47,0,39,58855477
2903,7,12,44,0,36,53992872
2904,7,14,46,0,38,95969408
2905,3,19,39,0,31,86447864
2906,5,14,40,0,32,44809288
2907,4,12,35,1,23,88899858
2908,5,11,37,0,29,71684776
2909,4,13,36,1,24,88486155
2910,5,12,38,0,30,70258390
2911,6,20,49,0,41,97365238
2912,4,22,45,0,37,22916537
2913,5,31,57,0,49,36287728
2914,5,25,51,0,43,37258799
2915,4,29,52,0,44,84165562
2916,6,25,54,1,42,56997574
2917,1,23,37,0,29,98914646
2918,6,26,55,0,47,71444447
2919,2,20,37,0,29,48796477
2920,5,25,51,0,43,59088956
2921,4,18,41,0,33,19963828
2922,6,20,49,0,41,46971409
2923,3,22,42,0,34,87182556
2924,1,30,44,0,36,45789535
2925,6,11,40,0,32,97750415
2926,4,21,44,0,36,43450874
2927,5,14,40,0,32,25778764
2928,4,21,44,0,36,98275999
2929,5,25,51,0,43,08856780
2930,7,22,54,0,46,30785339
2931,3,16,36,0,28,57711228
2932,5,24,50,0,42,12374877
2933,4,22,45,0,37,54587596
2934,4,26,49,0,41,84716746
2935,5,18,44,0,36,12866652
2936,3,11,31,0,23,67583845
2937,7,23,55,0,47,94896666
2938,3,17,37,0,29,98317640
2939,6,23,52,1,40,41844374
2940,4,25,48,0,40,79249955
2941,5,30,56,0,48,08687358
2942,3,18,38,0,30,73784752
2943,6,26,55,1,43,20891641
2944,6,22,51,0,43,24727289
2945,1,26,40,0,32,25664298
2946,5,14,40,0,32,58558888
2947,4,23,46,0,38,57437833
2948,5,22,48,0,40,50881856
2949,4,16,39,1,27,01943547
2950,3,27,47,1,35,79977766
2951,7,26,58,1,46,69967686
2952,4,24,47,0,39,79759162
2953,5,30,56,0,48,42519856
2954,5,23,49,0,41,19399203
2955,4,19,42,1,30,94765528
2956,7,17,49,0,41,86785582
2957,3,16,36,0,28,70985488
2958,5,20,46,0,38,59807386
2959,3,28,48,0,40,09044758
2960,5,28,54,0,46,04480575
2961,4,24,47,0,39,75271007
2962,7,13,45,0,37,28617760
2963,3,26,46,1,34,42697316
2964,3,14,34,0,26,85092782
2965,7,20,52,0,44,18877798
2966,4,13,36,0,28,63538969
2967,5,25,51,0,43,79811772
2968,4,20,43,0,35,89471560
2969,5,23,49,0,41,48546208
2970,6,27,56,0,48,58099355
2971,5,17,43,0,35,89891721
2972,5,26,52,0,44,66158976
2973,4,25,48,1,36,89767393
2974,4,17,40,0,32,50103410
2975,5,30,56,0,48,90489832
2976,1,16,30,0,22,37648105
2977,6,22,51,0,43,85564134
2978,2,20,37,1,25,99155554
2979,6,30,59,0,51,07449639
2980,1,21,35,0,27,34889605
2981,6,25,54,0,46,76416357
2982,4,23,46,1,34,14626881
2983,5,19,45,0,37,15057722
2984,5,29,55,0,47,63120069
2985,4,29,52,0,44,29858105
2986,6,11,40,0,32,06349073
2987,5,12,38,0,30,87308365
2988,6,25,54,0,46,77485788
2989,2,20,37,1,25,51009808
2990,4,22,45,0,37,44831778
2991,5,29,55,0,47,24853245
2992,3,22,42,0,34,84449603
2993,7,22,54,0,46,09608386
2994,7,27,59,0,51,26876670
2995,3,20,40,0,32,29941475
2996,5,30,56,1,44,88366357
2997,4,16,39,0,31,09302641
2998,5,20,46,0,38,08980467
2999,4,11,34,0,26,04908813
3000,5,22,48,0,40,65888769
3001,6,22,51,0,43,45784699
3002,5,19,45,0,37,17795593
3003,7,19,51,0,43,86098127
3004,7,15,47,1,35,49968646
3005,2,21,38,0,30,04877717
3006,6,25,54,0,46,86992795
3007,5,16,42,1,30,49286739
3008,6,26,55,0,47,46217460
3009,5,15,41,0,33,76646991
3010,4,19,42,0,34,04625279
3011,8,24,59,0,51,68294853
3012,5,23,49,0,41,86757857
3013,6,16,45,0,37,86677665
3014,6,26,55,0,47,33561388
3015,5,22,48,0,40,51305553
3016,8,15,50,0,42,55860075
3017,4,27,50,0,42,03291597
3018,6,26,55,1,43,97658095
3019,4,28,51,0,43,84288660
3020,6,25,54,0,46,38347463
3021,5,17,43,0,35,97695799
3022,8,24,59,0,51,79957562
3023,4,19,42,0,34,01225947
3024,4,24,47,0,39,46593985
3025,8,15,50,0,42,79076618
3026,5,17,43,0,35,62952244
3027,6,23,52,0,44,64438774
3028,5,24,50,0,42,47565640
3029,6,21,50,0,42,99699484
3030,7,25,57,0,49,56689437
3031,1,18,32,0,24,52574797
3032,6,24,53,0,45,62469835
3033,5,19,45,0,37,97666335
3034,5,30,56,0,48,62878664
3035,6,11,40,0,32,48701361
3036,2,24,41,0,33,94189805
3037,7,21,53,0,45,56676774
3038,3,23,43,0,35,36753926
3039,7,27,59,1,47,48843509
3040,5,20,46,1,34,74861784
3041,6,22,51,0,43,49825876
3042,4,21,44,0,36,65255786
3043,8,23,58,0,50,55725793
3044,8,19,54,0,46,47709746
3045,4,20,43,0,35,30883841
3046,6,17,46,0,38,52657162
3047,5,26,52,0,44,69857943
3048,6,19,48,0,40,82794824
3049,5,18,44,0,36,75272694
3050,7,15,47,0,39,38555909
3051,7,16,48,0,40,78209217
3052,5,18,44,1,32,97556564
3053,6,26,55,0,47,69565584
3054,6,13,42,0,34,64255983
3055,5,25,51,1,39,09796265
3056,7,15,47,0,39,82969292
3057,2,26,43,0,35,74326555
3058,7,20,52,0,44,46845749
3059,3,17,37,0,29,66124342
3060,6,25,54,0,46,74294050
3061,5,26,52,0,44,56868934
3062,7,25,57,0,49,29404849
3063,1,20,34,0,26,42856857
3064,2,28,45,0,37,86633852
3065,7,16,48,0,40,17759883
3066,5,25,51,0,43,16902974
3067,6,26,55,0,47,59856762
3068,5,17,43,0,35,46647974
3069,6,19,48,0,40,96824809
3070,8,15,50,0,42,27496787
3071,4,20,43,0,35,58592519
3072,6,27,56,1,44,51855440
3073,5,21,47,0,39,62614757
3074,5,19,45,0,37,46415673
3075,6,17,46,0,38,87839947
3076,4,20,43,0,35,57622875
3077,8,24,59,0,51,48148847
3078,4,18,41,0,33,85261169
3079,6,25,54,1,42,43415999
3080,4,20,43,1,31,25232641
3081,8,24,59,0,51,96675325
3082,5,11,37,0,29,35959661
3083,6,30,59,0,51,55680483
3084,6,11,40,2,24,47160655
3085,5,22,48,1,36,57257076
3086,8,24,59,0,51,52789259
3087,4,25,48,0,40,41964465
3088,5,23,49,0,41,75741889
3089,4,20,43,0,35,91829599
3090,5,19,45,1,33,13384772
3091,6,16,45,1,33,21896467
3092,2,14,31,0,23,56547572
3093,7,22,54,0,46,46764464
3094,7,19,51,0,43,99704921
3095,5,21,47,0,39,63561087
3096,6,18,47,1,35,23986660
3097,5,17,43,0,35,50439379
3098,6,26,55,0,47,88472906
3099,5,22,48,0,40,39277972
3100,6,24,53,0,45,69550131
3101,5,17,43,0,35,09852852
3102,6,21,50,0,42,55309860
3103,4,25,48,0,40,60246597
3104,4,16,39,0,31,66243390
3105,5,13,39,0,31,56679487
3106,5,31,57,0,49,59265690
3107,6,20,49,1,37,68329276
3108,5,24,50,0,42,41885602
3109,6,25,54,1,42,30167044
3110,7,26,58,0,50,09914897
3111,3,28,48,0,40,34936507
3112,6,24,53,0,45,34863554
3113,5,16,42,0,34,05866558
3114,5,12,38,0,30,70196486
3115,6,30,59,0,51,60547576
3116,3,13,33,0,25,10815459
3117,7,13,45,0,37,62957988
3118,2,18,35,0,27,20186556
3119,7,18,50,0,42,97984465
3120,5,19,45,1,33,24349627
3121,6,19,48,0,40,99808886
3122,3,22,42,0,34,35673639
3123,7,16,48,0,40,19408588
3124,7,15,47,0,39,32279687
3125,3,14,34,0,26,38476804
3126,6,22,51,0,43,89858914
3127,5,25,51,0,43,54868279
3128,6,17,46,0,38,89794134
3129,5,26,52,0,44,39989098
3130,4,27,50,0,42,64940983
3131,4,23,46,0,38,56657584
3132,5,12,38,0,30,67362873
3133,6,18,47,0,39,65921476
3134,6,18,47,0,39,94071577
3135,5,23,49,1,37,40369522
3136,5,22,48,1,36,57766759
3137,4,21,44,1,32,06425625
3138,8,24,59,0,51,71538475
3139,4,20,43,0,35,66824169
3140,6,26,55,1,43,47515599
3141,5,17,43,0,35,72307720
3142,7,25,57,0,49,24317484
3143,3,11,31,1,19,91051560
3144,3,15,35,0,27,45481747
3145,7,22,54,0,46,49064092
3146,5,29,55,1,43,59504046
3147,6,23,52,0,44,02694786
3148,5,17,43,0,35,98529675
3149,6,28,57,0,49,26915567
3150,3,17,37,0,29,18051518
3151,4,22,45,0,37,37858124
3152,6,20,49,0,41,68468288
3153,5,18,44,0,36,56937159
3154,5,21,47,0,39,38814741
3155,6,20,49,2,33,67647604
3156,4,13,36,1,24,64280936
3157,7,21,53,0,45,57626897
3158,4,14,37,1,25,45066148
3159,8,22,57,0,49,27773576
3160,5,21,47,0,39,77305788
3161,6,17,46,0,38,66346096
3162,4,15,38,0,30,48453424
3163,6,18,47,0,39,26175598
3164,5,25,51,0,43,54067880
3165,4,18,41,0,33,49869792
3166,6,17,46,0,38,60495795
3167,5,20,46,0,38,06843787
3168,6,29,58,1,46,65567354
3169,5,26,52,0,44,79792431
3170,3,19,39,0,31,34707074
3171,7,23,55,0,47,95378653
3172,5,27,53,0,45,17869974
3173,6,20,49,0,41,18238851
3174,6,16,45,0,37,41682429
3175,5,24,50,0,42,18945765
3176,7,19,51,0,43,85774961
3177,3,19,39,0,31,52590947
3178,7,26,58,0,50,48469746
3179,2,22,39,1,27,98632785
3180,7,27,59,1,47,18486351
3181,3,27,47,0,39,64689789
3182,6,22,51,0,43,05764589
3183,5,24,50,0,42,75894428
3184,5,14,40,1,28,99824442
3185,6,13,42,0,34,22968516
3186,3,29,49,0,41,97350946
3187,7,19,51,0,43,10374994
3188,1,21,35,1,23,09610884
3189,7,20,52,0,44,07535816
3190,6,13,42,1,30,54771299
3191,5,22,48,0,40,23676164
3192,5,12,38,0,30,03949979
3193,4,28,51,0,43,75349466
3194,4,17,40,1,28,55655592
3195,6,25,54,0,46,09492035
3196,5,20,46,0,38,99939382
3197,6,24,53,0,45,46648613
3198,5,18,44,0,36,54095989
3199,6,18,47,0,39,54486570
3200,5,10,36,1,24,65758167
3201,6,30,59,0,51,24765635
3202,3,16,36,0,28,07530470
3203,7,14,46,0,38,02699767
3204,7,19,51,0,43,10579588
3205,3,19,39,0,31,38856850
3206,6,27,56,0,48,19564486
3207,5,18,44,0,36,57419493
3208,6,14,43,0,35,99597479
3209,5,21,47,0,39,17503799
3210,4,24,47,0,39,78566493
3211,5,28,54,0,46,39896591
3212,5,23,49,1,37,55857889
3213,6,23,52,0,44,45497685
3214,6,19,48,0,40,01189069
3215,5,25,51,1,39,94081247
3216,6,27,56,0,48,59630975
3217,4,11,34,1,22,90677188
3218,8,19,54,0,46,74535909
3219,4,13,36,1,24,95367096
3220,6,17,46,1,34,74868527
3221,5,24,50,0,42,25617005
3222,7,18,50,1,38,65695882
3223,4,28,51,0,43,95885091
3224,4,15,38,0,30,59985834
3225,2,26,43,0,35,64198342
3226,5,17,43,0,35,64828799
3227,6,25,54,0,46,45645607
3228,5,25,51,0,43,87400687
3229,6,15,44,0,36,85569686
3230,7,21,53,0,45,58052979
3231,3,26,46,0,38,46579478
3232,6,26,55,0,47,22243886
3233,5,11,37,0,29,55397783
3234,5,21,47,0,39,94779156
3235,6,19,48,0,40,61791897
3236,3,28,48,0,40,54029603
3237,7,27,59,1,47,36162876
3238,2,16,33,0,25,69399169
3239,7,18,50,0,42,98672896
3240,5,21,47,0,39,89789625
3241,6,16,45,0,37,64001063
3242,4,20,43,0,35,08846562
3243,8,13,48,0,40,16555870
3244,4,14,37,0,29,96158964
3245,4,24,47,0,39,19899666
3246,6,20,49,0,41,67149315
3247,5,23,49,0,41,83989718
3248,6,22,51,0,43,20850865
3249,5,16,42,0,34,42574794
3250,3,29,49,0,41,14048883
3251,7,15,47,0,39,85694795
3252,5,13,39,0,31,30564055
3253,6,27,56,0,48,79664107
3254,6,28,57,0,49,11759350
3255,5,25,51,0,43,95305975
3256,7,14,46,0,38,49742897
3257,3,18,38,1,26,72957690
3258,7,21,53,0,45,66719695
3259,2,23,40,1,28,35029390
3260,6,19,48,0,40,38714469
3261,5,19,45,0,37,66756588
3262,7,15,47,0,39,46358593
3263,3,21,41,1,29,00171941
3264,3,17,37,0,29,59122259
3265,7,17,49,0,41,79562506
3266,5,22,48,0,40,79589282
3267,6,21,50,0,42,30409938
3268,5,31,57,0,49,35624005
3269,6,16,45,1,33,67028569
3270,5,20,46,0,38,49178561
3271,4,26,49,0,41,96727368
3272,6,15,44,0,36,78255327
3273,5,23,49,0,41,15597296
3274,5,21,47,1,35,04696941
3275,6,18,47,0,39,69928936
3276,4,21,44,0,36,21057644
3277,6,21,50,0,42,71441536
3278,4,20,43,0,35,46873372
3279,8,17,52,2,36,38478645
3280,4,18,41,0,33,74839845
3281,6,20,49,0,41,60172491
3282,5,23,49,0,41,60559448
3283,6,25,54,0,46,93774733
3284,6,26,55,0,47,99859386
3285,5,15,41,0,33,34614768
3286,5,19,45,1,33,46735025
3287,4,26,49,0,41,36481599
3288,8,24,59,0,51,06951905
3289,4,17,40,0,32,39773182
3290,5,16,42,0,34,80115322
3291,6,15,44,1,32,58584691
3292,3,22,42,0,34,89289708
3293,7,21,53,0,45,43774961
3294,7,23,55,0,47,61747232
3295,3,15,35,0,27,93499567
3296,6,14,43,0,35,37162083
3297,5,21,47,0,39,79791054
3298,6,19,48,0,40,34667865
3299,5,26,52,1,40,33067575
3300,6,16,45,0,37,45269967
3301,5,20,46,0,38,32785088
3302,8,23,58,0,50,08892953
3303,4,25,48,0,40,92049103
3304,4,16,39,0,31,83092725
3305,8,23,58,0,50,66657776
3306,5,12,38,0,30,55624076
3307,6,27,56,0,48,47684931
3308,5,20,46,0,38,47958581
3309,6,22,51,0,43,99691616
3310,7,22,54,0,46,43753411
3311,6,27,56,0,48,56414986
3312,6,14,43,0,35,69350569
3313,5,14,40,0,32,44937928
3314,5,24,50,0,42,72689095
3315,6,16,45,0,37,85808579
3316,2,32,49,0,41,37388758
3317,7,17,49,1,37,19650474
3318,3,21,41,0,33,37833873
3319,7,27,59,0,51,88893051
3320,5,17,43,0,35,75727656
3321,6,16,45,0,37,86454491
3322,1,29,43,0,35,27887888
3323,7,21,53,0,45,84618056
3324,7,18,50,0,42,68066677
3325,2,25,42,0,34,94747650
3326,6,16,45,0,37,70687501
3327,5,20,46,0,38,17422149
3328,6,28,57,1,45,90866854
3329,5,19,45,0,37,67694982
3330,4,23,46,1,34,96597880
3331,8,10,45,0,37,95317798
3332,5,20,46,0,38,56892665
3333,6,19,48,1,36,89087192
3334,6,10,39,0,31,41679646
3335,5,20,46,0,38,55535677
3336,8,22,57,0,49,68561942
3337,4,31,54,0,46,65778913
3338,7,18,50,0,42,93887752
3339,4,16,39,0,31,29474948
3340,6,18,47,1,35,81894718
3341,5,21,47,0,39,14934641
3342,7,24,56,0,48,97987667
3343,4,25,48,0,40,42280675
3344,2,30,47,0,39,76912830
3345,7,26,58,0,50,85950552
3346,5,13,39,0,31,28993584
3347,6,30,59,0,51,69969057
3348,5,24,50,0,42,76113216
3349,6,11,40,1,28,41160664
3350,8,23,58,0,50,44751595
3351,4,29,52,1,40,26782374
3352,6,26,55,0,47,74778215
3353,5,26,52,0,44,99765636
3354,5,31,57,0,49,64335878
3355,6,21,50,0,42,95487103
3356,4,17,40,0,32,45935175
3357,8,22,57,0,49,46559788
3358,4,25,48,1,36,05992867
3359,8,19,54,0,46,61801719
3360,5,16,42,0,34,75016690
3361,6,19,48,0,40,48678318
3362,4,21,44,0,36,44556814
3363,8,19,54,0,46,75764314
3364,8,24,59,1,47,15903448
3365,4,18,41,0,33,64172496
3366,6,24,53,0,45,74986250
3367,5,23,49,0,41,41047266
3368,6,21,50,0,42,89347278
3369,5,12,38,0,30,84592251
3370,1,18,32,0,24,17451661
3371,7,26,58,0,50,14455789
3372,5,22,48,0,40,58668665
3373,6,18,47,0,39,88597755
3374,6,13,42,0,34,55026546
3375,5,16,42,1,30,98799625
3376,7,21,53,0,45,12754048
3377,2,19,36,1,24,06479240
3378,7,15,47,0,39,54950454
3379,3,20,40,0,32,89572194
3380,7,15,47,1,35,28093326
3381,2,21,38,0,30,65685041
3382,6,21,50,0,42,44587133
3383,5,19,45,0,37,60154666
3384,5,24,50,1,38,47399784
3385,6,20,49,0,41,18759657
3386,6,18,47,0,39,84654703
3387,7,18,50,1,38,72674247
3388,3,20,40,0,32,75959862
3389,7,11,43,0,35,17567845
3390,6,27,56,0,48,94866776
3391,5,26,52,0,44,55790851
3392,8,12,47,1,35,34784954
3393,4,24,47,0,39,24652239
3394,4,12,35,0,27,59798657
3395,8,23,58,0,50,87728492
3396,5,17,43,0,35,26991487
3397,6,26,55,0,47,49910621
3398,5,16,42,0,34,73684987
3399,6,23,52,0,44,65776551
3400,5,14,40,0,32,87176975
3401,6,26,55,0,47,49749055
3402,4,27,50,0,42,39346887
3403,2,31,48,0,40,96889019
3404,7,18,50,0,42,47985755
3405,4,23,46,0,38,81371894
3406,6,10,39,0,31,97529979
3407,5,23,49,0,41,59842785
3408,6,25,54,0,46,65148759
3409,5,12,38,0,30,47390338
3410,3,17,37,0,29,15946517
3411,7,11,43,0,35,87531719
3412,5,15,41,1,29,79556485
3413,6,28,57,0,49,99258476
3414,6,28,57,0,49,38796953
3415,5,20,46,0,38,35838573
3416,7,26,58,0,50,04516849
3417,3,19,39,0,31,77848079
3418,7,19,51,1,39,68853485
3419,7,21,53,0,45,71548725
3420,6,25,54,1,42,69911468
3421,5,28,54,0,46,49560147
3422,7,22,54,0,46,62999629
3423,3,17,37,0,29,69887546
3424,3,13,33,0,25,66878685
3425,7,11,43,0,35,34868150
3426,5,21,47,0,39,28875071
3427,6,19,48,1,36,58460844
3428,5,12,38,0,30,56874528
3429,6,16,45,0,37,59804844
3430,6,25,54,0,46,47506855
3431,4,29,52,1,40,28087865
3432,6,21,50,0,42,42953253
3433,5,24,50,1,38,95924821
3434,5,31,57,1,45,85492126
3435,6,18,47,0,39,78944594
3436,4,23,46,0,38,16568085
3437,5,11,37,0,29,66844394
3438,4,20,43,1,31,96848139
3439,8,17,52,0,44,93241869
3440,5,22,48,0,40,78535494
3441,6,16,45,0,37,62590966
3442,3,16,36,0,28,24782166
3443,7,27,59,0,51,76695598
3444,7,27,59,1,47,89811305
3445,3,25,45,0,37,66922461
3446,6,23,52,1,40,62503396
3447,5,15,41,0,33,89969893
3448,6,21,50,1,38,33990885
3449,5,23,49,0,41,54090896
3450,4,15,38,0,30,42096167
3451,6,13,42,0,34,19587023
3452,5,15,41,0,33,91346744
3453,6,19,48,0,40,93466591
3454,6,21,50,0,42,44148929
3455,5,12,38,0,30,92219958
3456,5,26,52,0,44,18887069
3457,4,22,45,0,37,99386830
3458,8,24,59,0,51,97705247
3459,4,20,43,0,35,89051546
3460,6,21,50,0,42,69249801
3461,5,11,37,0,29,19775192
3462,4,25,48,0,40,54786848
3463,4,19,42,0,34,64552898
3464,4,24,47,0,39,29769750
3465,8,21,56,1,44,23555577
3466,5,17,43,0,35,38879404
3467,6,12,41,0,33,67173740
3468,5,18,44,0,36,79418985
3469,6,14,43,0,35,74735858
3470,7,22,54,0,46,76457199
3471,3,23,43,0,35,42709816
3472,6,18,47,0,39,80652996
3473,5,21,47,0,39,77155657
3474,5,23,49,1,37,17282403
3475,6,14,43,0,35,76548666
3476,3,23,43,0,35,57969045
3477,7,27,59,0,51,71779992
3478,1,21,35,0,27,37513635
3479,7,18,50,0,42,27715767
3480,3,16,36,1,24,73454944
3481,7,21,53,0,45,61917590
3482,5,22,48,0,40,29561695
3483,6,30,59,0,51,74740907
3484,6,14,43,0,35,56085588
3485,5,20,46,0,38,70314666
3486,7,10,42,0,34,56919838
3487,3,17,37,0,29,84864988
3488,7,13,45,0,37,35075474
3489,2,15,32,0,24,01869089
3490,5,20,46,0,38,17525137
3491,6,19,48,0,40,29496966
3492,4,19,42,0,34,47349258
3493,8,24,59,0,51,68857081
3494,4,25,48,0,40,97712501
3495,4,18,41,0,33,53324899
3496,6,24,53,0,45,81881695
3497,5,24,50,0,42,81864690
3498,6,17,46,0,38,47768465
3499,5,26,52,1,40,46571755
3500,6,18,47,0,39,94580437
3501,5,26,52,1,40,69797721
3502,7,20,52,0,44,67472165
3503,2,26,43,0,35,58229314
3504,1,23,37,1,25,78788822
3505,7,23,55,0,47,68044226
3506,5,12,38,0,30,77748597
3507,6,12,41,0,33,88535476
3508,5,24,50,0,42,44468898
3509,6,20,49,0,41,78793727
3510,8,15,50,0,42,25908077
3511,4,27,50,0,42,65978640
3512,6,10,39,0,31,65059640
3513,5,25,51,0,43,06991627
3514,5,21,47,0,39,49692444
3515,6,20,49,0,41,19942595
3516,4,18,41,0,33,36762648
3517,8,17,52,0,44,95379257
3518,4,30,53,0,45,57493874
3519,2,26,43,0,35,04629482
3520,5,15,41,0,33,91686754
3521,6,13,42,0,34,33979133
3522,4,19,42,0,34,53928486
3523,8,22,57,0,49,69142464
3524,8,24,59,1,47,99795924
3525,4,30,53,0,45,42785795
3526,6,17,46,0,38,93862787
3527,5,18,44,1,32,84895511
3528,6,21,50,1,38,65849845
3529,5,26,52,0,44,66668468
3530,2,24,41,1,29,97556394
3531,7,23,55,0,47,49415370
3532,5,22,48,0,40,40447928
3533,6,15,44,0,36,42989948
3534,6,23,52,1,40,84841306
3535,5,17,43,0,35,80027728
3536,7,22,54,0,46,69086898
3537,6,26,55,0,47,59285352
3538,7,12,44,0,36,05942204
3539,3,21,41,0,33,04279788
3540,6,14,43,0,35,06668542
3541,5,21,47,0,39,12561867
3542,8,17,52,1,40,49665684
3543,4,24,47,0,39,59354693
3544,4,25,48,0,40,06148551
3545,8,24,59,0,51,66858465
3546,5,22,48,0,40,97054845
3547,6,19,48,0,40,86869690
3548,5,19,45,0,37,89870573
3549,6,24,53,0,45,56068657
3550,7,18,50,0,42,93012064
3551,2,10,27,0,19,47048024
3552,6,18,47,0,39,10798824
3553,5,28,54,0,46,31326768
3554,5,18,44,0,36,44646689
3555,6,14,43,0,35,89454649
3556,1,21,35,0,27,75375389
3557,7,18,50,0,42,45844473
3558,3,25,45,0,37,98556294
3559,7,27,59,0,51,29517006
3560,5,21,47,0,39,92673594
3561,6,22,51,1,39,52787545
3562,2,24,41,0,33,49559071
3563,7,15,47,0,39,66562369
3564,7,22,54,1,42,41376768
3565,4,28,51,0,43,65611995
3566,6,27,56,0,48,86708653
3567,5,31,57,0,49,28773936
3568,6,14,43,0,35,76641546
3569,5,29,55,0,47,81480559
3570,4,15,38,0,30,53894844
3571,8,24,59,1,47,87636959
3572,5,17,43,0,35,27179388
3573,6,19,48,1,36,69920332
3574,6,26,55,0,47,17897549
3575,5,27,53,0,45,64440789
3576,8,20,55,1,43,80418972
3577,4,22,45,0,37,54868046
3578,4,15,38,0,30,38956097
3579,4,22,45,0,37,67766547
3580,8,24,59,0,51,50175287
3581,4,17,40,0,32,79146764
3582,6,25,54,0,46,26690945
3583,5,22,48,0,40,05817943
3584,5,25,51,0,43,56758684
3585,6,29,58,1,46,99643488
3586,4,29,52,0,44,67409750
3587,8,15,50,0,42,99444787
3588,4,17,40,0,32,65757595
3589,8,12,47,0,39,56098745
3590,6,12,41,0,33,64325407
3591,5,15,41,0,33,54486676
3592,7,24,56,0,48,84674591
3593,1,17,31,0,23,45659767
3594,2,19,36,0,28,09138551
3595,7,25,57,1,45,78855840
3596,5,25,51,0,43,05691480
3597,6,12,41,0,33,64437548
3598,5,19,45,0,37,64512593
3599,6,20,49,0,41,64095679
3600,5,19,45,1,33,49055474
3601,6,18,47,0,39,84418942
3602,4,14,37,0,29,21166743
3603,8,18,53,0,45,49694359
3604,8,24,59,1,47,75190491
3605,4,29,52,0,44,78989463
3606,6,24,53,0,45,77289079
3607,5,25,51,0,43,79447785
3608,6,17,46,0,38,13948755
3609,5,26,52,0,44,99314663
3610,2,24,41,1,29,32767966
3611,7,19,51,0,43,64067471
3612,5,26,52,1,40,99754179
3613,6,28,57,1,45,49466082
3614,6,28,57,1,45,87550970
3615,5,13,39,0,31,97853692
3616,7,17,49,0,41,76139656
3617,1,19,33,0,25,58146275
3618,7,27,59,0,51,89387536
3619,3,23,43,0,35,95371128
3620,6,15,44,0,36,02389978
3621,5,16,42,0,34,98551563
3622,7,25,57,0,49,95283578
3623,2,12,29,0,21,86995465
3624,5,14,40,0,32,75346164
3625,7,17,49,0,41,44586659
3626,5,24,50,0,42,59456462
3627,6,20,49,1,37,98947860
3628,5,25,51,1,39,66187877
3629,6,20,49,0,41,46644918
3630,8,24,59,0,51,64968809
3631,4,23,46,0,38,84144754
3632,6,30,59,1,47,43744541
3633,5,22,48,0,40,13765623
3634,5,19,45,0,37,63454163
3635,6,19,48,0,40,76184174
3636,4,25,48,0,40,78872817
3637,8,24,59,0,51,30919893
3638,4,24,47,0,39,63058485
3639,5,14,40,0,32,30086268
3640,5,22,48,0,40,30055776
3641,6,14,43,0,35,47412865
3642,2,21,38,0,30,85676076
3643,7,13,45,0,37,16503247
3644,7,11,43,0,35,69141691
3645,1,19,33,0,25,66468878
3646,6,27,56,0,48,94752769
3647,5,23,49,0,41,78761584
3648,6,21,50,0,42,59758748
3649,5,21,47,0,39,78887985
3650,4,29,52,1,40,08464172
3651,8,18,53,0,45,85696510
3652,5,27,53,0,45,45989879
3653,6,12,41,0,33,36797850
3654,6,26,55,0,47,36253956
3655,5,29,55,0,47,87648834
3656,8,24,59,0,51,98095308
3657,4,26,49,0,41,71448848
3658,5,19,45,0,37,04706934
3659,4,26,49,0,41,71795108
3660,6,16,45,1,33,24695763
3661,5,22,48,0,40,48966465
3662,8,19,54,0,46,99845948
3663,4,26,49,0,41,11112464
3664,4,20,43,0,35,44616960
3665,8,24,59,0,51,40577393
3666,5,21,47,0,39,78497857
3667,6,11,40,0,32,29491770
3668,5,16,42,0,34,58650155
3669,6,26,55,0,47,37565471
3670,7,22,54,1,42,64551509
3671,2,21,38,0,30,17098061
3672,6,18,47,1,35,82889865
3673,5,18,44,0,36,11188030
3674,5,24,50,1,38,74561170
3675,6,18,47,0,39,66263892
3676,7,19,51,0,43,44546045
3677,7,27,59,0,51,04266467
3678,3,26,46,0,38,22722838
3679,7,21,53,1,41,31806744
3680,1,17,31,0,23,35957779
3681,7,26,58,0,50,72929341
3682,5,13,39,1,27,52893040
3683,6,11,40,0,32,14936784
3684,6,22,51,1,39,88284829
3685,5,17,43,0,35,56979324
3686,7,23,55,0,47,73913860
3687,2,21,38,0,30,85038988
3688,7,20,52,0,44,59067094
3689,3,19,39,0,31,67484893
3690,5,20,46,1,34,83156721
3691,6,15,44,0,36,55666757
3692,4,24,47,0,39,94547426
3693,8,24,59,0,51,33781099
3694,8,24,59,0,51,57289888
3695,4,23,46,0,38,35498411
3696,6,26,55,0,47,87417957
3697,5,17,43,0,35,37433513
3698,6,29,58,0,50,46309639
3699,5,20,46,0,38,89208964
3700,6,20,49,0,41,21504664
3701,5,30,56,0,48,45019454
3702,7,25,57,1,45,76636146
3703,3,11,31,0,23,37617527
3704,3,24,44,0,36,48594045
3705,7,25,57,0,49,69262401
3706,5,23,49,0,41,24487563
3707,6,22,51,0,43,03546568
3708,5,23,49,0,41,34285743
3709,6,19,48,0,40,41967508
3710,6,26,55,0,47,79466845
3711,4,19,42,0,34,19042721
3712,6,18,47,0,39,72805946
3713,5,21,47,0,39,04894968
3714,5,28,54,0,46,94769536
3715,6,14,43,0,35,85281795
3716,4,24,47,0,39,87268425
3717,4,15,38,1,26,88281586
3718,4,16,39,1,27,43877561
3719,8,24,59,0,51,81233586
3720,5,19,45,0,37,04704454
3721,6,19,48,0,40,86690746
3722,4,18,41,0,33,85977432
3723,5,15,41,0,33,89698074
3724,6,29,58,0,50,39321864
3725,4,18,41,1,29,85927631
3726,6,20,49,1,37,84759158
3727,5,28,54,0,46,95201690
3728,6,13,42,0,34,01523713
3729,5,11,37,0,29,65654093
3730,3,17,37,0,29,30944456
3731,7,16,48,2,32,60685875
3732,5,27,53,0,45,72878539
3733,6,22,51,0,43,58795932
3734,6,18,47,0,39,94208836
3735,5,18,44,0,36,76226579
3736,7,13,45,0,37,14373266
3737,3,28,48,1,36,54296567
3738,7,16,48,0,40,74194969
3739,1,24,38,0,30,85773018
3740,6,27,56,0,48,74428381
3741,5,23,49,0,41,46872276
3742,5,23,49,0,41,95951654
3743,4,12,35,0,27,59621983
3744,4,17,40,1,28,24690793
3745,6,27,56,0,48,95909457
3746,5,20,46,0,38,49038928
3747,6,20,49,0,41,94397351
3748,5,28,54,0,46,24502673
3749,6,10,39,0,31,05717855
3750,7,21,53,1,41,29905602
3751,3,15,35,0,27,63597847
3752,6,16,45,0,37,64777781
3753,5,19,45,0,37,97658652
3754,5,25,51,0,43,85618972
3755,6,24,53,0,45,34680397
3756,3,20,40,0,32,47878762
3757,7,17,49,0,41,12955794
3758,6,19,48,0,40,66546794
3759,7,17,49,0,41,89561344
3760,5,27,53,0,45,17786766
3761,6,22,51,1,39,94744627
3762,3,21,41,0,33,93750591
3763,7,24,56,0,48,09979859
3764,7,21,53,0,45,47778150
3765,3,23,43,0,35,76103264
3766,6,24,53,0,45,42528619
3767,5,23,49,0,41,64985524
3768,6,10,39,0,31,66912927
3769,5,25,51,0,43,94924895
3770,4,19,42,0,34,44100686
3771,7,19,51,0,43,71592987
3772,5,21,47,0,39,87873676
3773,6,17,46,0,38,73147436
3774,6,17,46,0,38,04377645
3775,5,24,50,0,42,03858495
3776,3,24,44,1,32,99808636
3777,4,21,44,0,36,48552146
3778,8,23,58,0,50,57068476
3779,4,19,42,0,34,39227833
3780,3,19,39,0,31,97605455
3781,4,17,40,0,32,26716776
3782,6,24,53,0,45,74579668
3783,5,27,53,0,45,92521724
3784,5,23,49,0,41,42319922
3785,6,25,54,0,46,79468466
3786,4,14,37,0,29,60601376
3787,7,17,49,0,41,05483346
3788,4,13,36,0,28,67472189
3789,8,12,47,0,39,25044822
3790,6,11,40,0,32,07504445
3791,5,17,43,0,35,99648486
3792,7,22,54,0,46,97645437
3793,3,11,31,0,23,58546084
3794,3,24,44,1,32,59549065
3795,7,24,56,0,48,73448867
3796,5,14,40,0,32,46764078
3797,6,28,57,0,49,51255678
3798,5,24,50,0,42,89598425
3799,6,25,54,0,46,05734946
3800,2,19,36,0,28,72278480
3801,7,18,50,0,42,99446766
3802,5,27,53,0,45,82744377
3803,6,20,49,0,41,14605719
3804,6,16,45,0,37,25475527
3805,5,23,49,1,37,02547475
3806,7,27,59,0,51,69447716
3807,5,19,45,1,33,63959911
3808,7,18,50,0,42,20239964
3809,3,24,44,0,36,92567755
3810,5,30,56,0,48,85414759
3811,6,24,53,1,41,94784427
3812,4,30,53,0,45,07657696
3813,8,14,49,0,41,19834844
3814,8,18,53,0,45,78781655
3815,4,25,48,0,40,69778393
3816,6,15,44,1,32,16759750
3817,5,13,39,1,27,79403171
3818,6,23,52,0,44,78507242
3819,5,19,45,0,37,53485344
3820,8,24,59,0,51,78059969
3821,4,21,44,0,36,55022244
3822,6,23,52,1,40,69899586
3823,5,21,47,0,39,47449530
3824,5,30,56,1,44,24000849
3825,6,19,48,1,36,46212188
3826,4,19,42,0,34,42366734
3827,8,20,55,0,47,95230731
3828,4,20,43,0,35,98954856
3829,8,18,53,0,45,38869664
3830,6,23,52,0,44,95774949
3831,5,22,48,0,40,58485804
3832,7,27,59,0,51,51402572
3833,2,18,35,0,27,05545374
3834,1,15,29,0,21,75557890
3835,7,27,59,0,51,42818774
3836,5,19,45,0,37,84436435
3837,6,21,50,0,42,84687475
3838,5,22,48,1,36,01556424
3839,6,19,48,0,40,47559387
3840,4,16,39,0,31,16865886
3841,8,24,59,0,51,26044549
3842,5,11,37,0,29,64704601
3843,6,30,59,0,51,37976505
3844,6,25,54,0,46,55906478
3845,5,19,45,0,37,37768841
3846,8,24,59,0,51,86805611
3847,4,19,42,1,30,87900353
3848,7,26,58,0,50,78590414
3849,4,26,49,0,41,66478789
3850,5,25,51,1,39,69712261
3851,6,28,57,0,49,41258167
3852,2,11,28,0,20,92699850
3853,7,22,54,0,46,23985464
3854,7,14,46,0,38,68574993
3855,7,19,51,0,43,68623744
3856,6,20,49,0,41,36311904
3857,5,22,48,0,40,72197287
3858,6,21,50,1,38,66456843
3859,5,25,51,0,43,92990516
3860,7,17,49,0,41,47807046
3861,2,13,30,1,18,09291117
3862,6,25,54,0,46,31932018
3863,5,22,48,0,40,75704497
3864,5,22,48,0,40,01623907
3865,6,15,44,0,36,63285081
3866,1,24,38,0,30,29746849
3867,7,22,54,1,42,38416842
3868,3,27,47,0,39,97967404
3869,7,23,55,0,47,96485144
3870,6,19,48,0,40,04566793
3871,5,24,50,0,42,20778487
3872,8,17,52,1,40,46745583
3873,4,11,34,0,26,23471877
3874,4,14,37,0,29,42455919
3875,8,21,56,0,48,27309858
3876,5,22,48,0,40,70622896
3877,6,13,42,1,30,15158977
3878,5,19,45,0,37,04516852
3879,6,16,45,0,37,61854354
3880,5,13,39,0,31,57177142
3881,6,18,47,0,39,46270450
3882,4,16,39,1,27,10883511
3883,8,15,50,0,42,42904479
3884,8,24,59,1,47,95679440
3885,4,27,50,0,42,29484684
3886,6,25,54,1,42,27848654
3887,5,29,55,1,43,77155314
3888,6,23,52,0,44,44718767
3889,5,22,48,0,40,95427171
3890,5,12,38,0,30,50586664
3891,7,18,50,0,42,99482037
3892,5,23,49,0,41,38063428
3893,6,21,50,0,42,78240584
3894,6,17,46,0,38,09759866
3895,5,26,52,0,44,75894628
3896,7,27,59,0,51,53581888
3897,2,18,35,0,27,98578976
3898,7,21,53,0,45,72692764
3899,3,24,44,0,36,44877748
3900,5,14,40,1,28,97989963
3901,4,30,53,0,45,79012815
3902,6,22,51,0,43,67433597
3903,5,15,41,0,33,68558257
3904,5,27,53,0,45,54824887
3905,6,18,47,0,39,27394915
3906,4,16,39,0,31,08759884
3907,6,17,46,0,38,07938764
3908,4,20,43,1,31,59392558
3909,8,24,59,0,51,86798594
3910,6,17,46,0,38,49456797
3911,5,30,56,0,48,66237034
3912,7,20,52,0,44,89763489
3913,3,18,38,0,30,63068548
3914,3,21,41,0,33,94874496
3915,7,24,56,0,48,46710561
3916,5,20,46,0,38,84487988
3917,6,14,43,0,35,18287990
3918,5,27,53,0,45,89604997
3919,6,22,51,0,43,44679907
3920,3,19,39,0,31,44904859
3921,7,17,49,0,41,24942119
3922,5,18,44,0,36,29217436
3923,6,22,51,0,43,76324601
3924,6,16,45,0,37,08798565
3925,5,21,47,0,39,69673606
3926,7,22,54,2,38,58830927
3927,3,22,42,1,30,86813441
3928,7,24,56,0,48,55466664
3929,4,16,39,0,31,43928665
3930,5,23,49,0,41,87610767
3931,6,20,49,0,41,44567527
3932,4,25,48,0,40,12349943
3933,8,24,59,0,51,45486917
3934,4,20,43,0,35,41380465
3935,4,18,41,0,33,80826540
3936,6,19,48,0,40,39893086
3937,5,24,50,0,42,09279267
3938,6,28,57,0,49,74257811
3939,5,22,48,0,40,99565163
3940,7,23,55,0,47,79940517
3941,3,29,49,0,41,59488143
3942,6,27,56,1,44,66069339
3943,5,14,40,0,32,67290964
3944,5,22,48,0,40,49318933
3945,6,12,41,0,33,46527555
3946,3,19,39,0,31,29933925
3947,7,21,53,2,37,92609909
3948,1,26,40,0,32,97071986
3949,7,24,56,0,48,54283855
3950,6,16,45,0,37,84899257
3951,5,26,52,1,40,76870753
3952,7,25,57,0,49,69876854
3953,4,26,49,0,41,87007551
3954,4,24,47,0,39,09075946
3955,2,24,41,0,33,94932147
3956,5,11,37,1,25,99984777
3957,6,25,54,0,46,93678486
3958,5,27,53,0,45,94853139
3959,6,21,50,0,42,77154888
3960,4,20,43,0,35,54488764
3961,5,17,43,0,35,84147459
3962,5,25,51,0,43,67398688
3963,6,29,58,0,50,66944649
3964,6,18,47,0,39,81776098
3965,5,21,47,0,39,12416744
3966,6,22,51,0,43,06064060
3967,4,26,49,0,41,31724079
3968,8,17,52,0,44,84562308
3969,4,27,50,0,42,86987710
3970,5,19,45,0,37,53418576
3971,6,18,47,0,39,97589976
3972,3,22,42,0,34,77350795
3973,7,15,47,0,39,09539656
3974,7,15,47,1,35,86488953
3975,3,28,48,0,40,58090533
3976,6,23,52,0,44,74124976
3977,5,17,43,0,35,55582676
3978,6,22,51,0,43,86441554
3979,5,29,55,0,47,04968858
3980,6,16,45,0,37,34698789
3981,5,31,57,1,45,58982926
3982,7,27,59,1,47,51279875
3983,3,16,36,0,28,98945772
3984,3,13,33,0,25,34854587
3985,7,27,59,0,51,09916697
3986,5,20,46,0,38,27937759
3987,6,27,56,0,48,55288604
3988,5,18,44,0,36,16991445
3989,6,22,51,0,43,92678959
3990,6,17,46,0,38,78379459
3991,4,11,34,0,26,95602682
3992,6,16,45,0,37,86546946
3993,5,12,38,0,30,03487690
3994,5,25,51,1,39,37575979
3995,6,26,55,0,47,77557798
3996,4,13,36,0,28,47799861
3997,5,28,54,0,46,85440106
3998,4,16,39,0,31,51977895
3999,8,13,48,1,36,54859461
4000,4,28,51,0,43,29986810
4001,8,24,59,0,51,46979308
4002,6,29,58,0,50,93667932
4003,7,21,53,1,41,95949158
4004,7,20,52,0,44,49499522
4005,6,17,46,0,38,70277767
4006,8,24,59,0,51,49350536
4007,4,19,42,0,34,73554666
4008,8,24,59,0,51,74512659
4009,3,17,37,0,29,97891495
4010,6,13,42,0,34,99058051
4011,7,12,44,1,32,98758666
4012,5,15,41,0,33,44170987
4013,8,24,59,0,51,87880665
4014,3,19,39,0,31,41654151
4015,5,23,49,0,41,57822884
4016,7,13,45,0,37,41454463
4017,6,18,47,0,39,35880999
4018,7,18,50,0,42,79378406
4019,6,29,58,0,50,84093969
4020,6,26,55,0,47,75908415
4021,5,13,39,0,31,44869464
4022,7,22,54,0,46,67529576
4023,6,25,54,0,46,23758465
4024,6,13,42,0,34,13919624
4025,7,19,51,1,39,58190684
4026,5,15,41,0,33,99336907
4027,7,24,56,1,44,22575441
4028,5,30,56,0,48,87848549
4029,6,25,54,1,42,65797984
4030,7,18,50,0,42,34864244
4031,6,21,50,0,42,26635707
4032,8,24,59,1,47,53648751
4033,4,25,48,0,40,88414865
4034,4,25,48,0,40,77488685
4035,8,17,52,0,44,68436598
4036,6,22,51,0,43,07665248
4037,7,27,59,0,51,00668796
4038,6,23,52,0,44,75724579
4039,7,16,48,0,40,75856651
4040,5,14,40,1,28,67468385
4041,6,16,45,0,37,46816798
4042,6,27,56,0,48,72884955
4043,7,25,57,0,49,67764876
4044,7,25,57,0,49,19172569
4045,6,13,42,0,34,14975846
4046,7,27,59,0,51,02538899
4047,5,25,51,0,43,07769485
4048,8,14,49,1,37,69577462
4049,5,25,51,0,43,94260208
4050,6,14,43,0,35,27536154
4051,7,16,48,0,40,64655084
4052,4,30,53,0,45,84710668
4053,8,15,50,0,42,56976475
4054,8,19,54,1,42,83854497
4055,4,25,48,0,40,52646674
4056,7,21,53,0,45,57864688
4057,6,21,50,2,34,81279960
4058,7,18,50,0,42,45753169
4059,6,24,53,0,45,06305146
4060,8,14,49,1,37,18246999
4061,4,17,40,0,32,69136056
4062,7,25,57,0,49,66489994
4063,6,27,56,0,48,44186633
4064,6,26,55,0,47,46759087
4065,7,18,50,0,42,81624752
4066,4,22,45,0,37,57194509
4067,8,24,59,0,51,08558046
4068,3,29,49,0,41,46957550
4069,8,24,59,0,51,44917484
4070,7,26,58,1,46,03289920
4071,6,29,58,0,50,68989445
4072,2,31,48,0,40,65105648
4073,5,24,50,0,42,65902181
4074,5,26,52,0,44,78578167
4075,5,13,39,1,27,57467509
4076,6,12,41,0,33,20319890
4077,7,24,56,0,48,13295875
4078,6,12,41,0,33,01868458
4079,7,22,54,0,46,61765581
4080,6,23,52,0,44,54950687
4081,7,18,50,0,42,51751036
4082,5,26,52,0,44,77310442
4083,5,30,56,0,48,28288055
4084,8,24,59,0,51,96938712
4085,5,18,44,0,36,44797689
4086,7,15,47,0,39,57968254
4087,6,17,46,0,38,96336985
4088,7,20,52,1,40,23374245
4089,6,23,52,0,44,43775978
4090,4,20,43,0,35,59185796
4091,8,24,59,1,47,77306951
4092,6,24,53,0,45,92565519
4093,7,19,51,0,43,98181994
4094,7,13,45,0,37,39753159
4095,6,25,54,0,46,03859394
4096,8,17,52,0,44,77190039
4097,4,24,47,1,35,62557244
4098,8,22,57,0,49,99747797
4099,2,18,35,1,23,71376450
4100,6,26,55,0,47,87549954
4101,5,30,56,0,48,57720911
4102,7,25,57,0,49,43556357
4103,6,28,57,0,49,68069623
4104,6,17,46,0,38,86459279
4105,7,13,45,0,37,17746461
4106,5,25,51,0,43,41266009
4107,7,15,47,1,35,65914478
4108,5,15,41,0,33,51757598
4109,8,19,54,1,42,06977324
4110,7,27,59,0,51,74790628
4111,6,30,59,0,51,26186687
4112,8,19,54,0,46,17415894
4113,4,16,39,0,31,54546987
4114,3,25,45,1,33,93399046
4115,8,19,54,0,46,44746918
4116,6,23,52,0,44,15639745
4117,7,20,52,2,36,79892904
4118,6,15,44,0,36,54866067
4119,7,10,42,0,34,31243070
4120,2,14,31,0,23,63830281
4121,8,12,47,0,39,89558619
4122,6,29,58,0,50,57644657
4123,7,16,48,1,36,95094288
4124,7,19,51,0,43,58018599
4125,6,15,44,0,36,15769827
4126,8,24,59,0,51,98696394
4127,3,20,40,1,28,89174575
4128,8,20,55,1,43,84960958
4129,4,18,41,0,33,79032474
4130,6,15,44,0,36,84936718
4131,7,20,52,0,44,89850179
4132,5,22,48,0,40,46984744
4133,7,14,46,1,34,92154974
4134,5,19,45,0,37,15873946
4135,5,21,47,1,35,58103548
4136,7,21,53,0,45,45196547
4137,6,21,50,0,42,18378294
4138,7,12,44,0,36,09996596
4139,6,20,49,1,37,94889797
4140,8,21,56,0,48,69407217
4141,1,14,28,1,16,51965475
4142,7,21,53,0,45,77579770
4143,6,20,49,0,41,04484464
4144,6,17,46,0,38,67878547
4145,7,16,48,0,40,75134896
4146,3,22,42,0,34,07796918
4147,8,24,59,0,51,79150195
4148,4,28,51,0,43,62164482
4149,8,20,55,0,47,87768797
4150,7,16,48,1,36,52145894
4151,6,14,43,0,35,24465365
4152,8,23,58,0,50,85783709
4153,5,15,41,1,29,69668679
4154,5,11,37,0,29,15564675
4155,4,15,38,0,30,56784519
4156,6,21,50,0,42,34845746
4157,7,22,54,1,42,45428869
4158,6,25,54,0,46,63589599
4159,7,17,49,0,41,33384985
4160,5,26,52,0,44,48559934
4161,6,23,52,1,40,64876652
4162,6,15,44,0,36,42157499
4163,7,19,51,0,43,03741853
4164,7,25,57,0,49,56749628
4165,6,18,47,0,39,24580882
4166,7,24,56,0,48,75555013
4167,5,26,52,0,44,65187565
4168,8,20,55,0,47,41965329
4169,5,19,45,0,37,56677425
4170,6,24,53,0,45,87390665
4171,7,14,46,0,38,58842286
4172,2,23,40,0,32,97289869
4173,8,24,59,0,51,41595534
4174,8,24,59,0,51,77878440
4175,3,14,34,0,26,89897186
4176,7,24,56,1,44,37796809
4177,6,26,55,0,47,69815896
4178,7,27,59,0,51,13358639
4179,6,30,59,1,47,05074094
4180,7,21,53,0,45,55495661
4181,6,21,50,0,42,63958535
4182,8,19,54,0,46,08761587
4183,3,17,37,0,29,40058027
4184,5,23,49,0,41,71510955
4185,8,14,49,0,41,86380247
4186,6,17,46,1,34,16998184
4187,7,14,46,0,38,15893139
4188,6,25,54,0,46,24754049
4189,7,27,59,1,47,79376896
4190,7,15,47,0,39,92709374
4191,5,16,42,0,34,96934881
4192,7,12,44,0,36,41576551
4193,6,12,41,0,33,49949965
4194,6,20,49,0,41,40709235
4195,7,23,55,0,47,32962479
4196,5,21,47,0,39,69944434
4197,6,18,47,0,39,40844398
4198,5,27,53,0,45,79090177
4199,5,23,49,0,41,58804064
4200,8,21,56,0,48,28152379
4201,8,18,53,0,45,23825549
4202,6,25,54,0,46,69632856
4203,7,26,58,0,50,26746874
4204,7,22,54,0,46,03195509
4205,6,22,51,0,43,98646680
4206,8,24,59,0,51,10177946
4207,3,14,34,0,26,92018976
4208,8,24,59,0,51,97688944
4209,4,25,48,0,40,84784529
4210,6,25,54,0,46,86698447
4211,7,17,49,0,41,59869890
4212,5,14,40,0,32,95666514
4213,7,13,45,0,37,62948610
4214,6,15,44,1,32,58813285
4215,5,23,49,0,41,77086625
4216,7,25,57,0,49,86345186
4217,6,18,47,0,39,70856694
4218,7,17,49,0,41,39328077
4219,6,18,47,0,39,58785576
4220,3,16,36,0,28,78995368
4221,5,12,38,0,30,45487616
4222,7,20,52,0,44,82949908
4223,6,23,52,0,44,24634185
4224,6,20,49,0,41,18973084
4225,7,23,55,1,43,26975046
4226,5,12,38,1,26,23893980
4227,8,14,49,0,41,85809775
4228,5,27,53,0,45,84290591
4229,7,26,58,0,50,96988487
4230,7,21,53,1,41,05738189
4231,6,17,46,0,38,84486667
4232,8,11,46,0,38,57345555
4233,2,23,40,0,32,59504449
4234,3,25,45,0,37,44075344
4235,8,24,59,1,47,64564228
4236,6,30,59,0,51,24018196
4237,7,20,52,0,44,35245745
4238,6,23,52,0,44,86748336
4239,7,13,45,1,33,08366685
4240,5,25,51,0,43,44766694
4241,5,15,41,0,33,74924069
4242,6,22,51,0,43,49287111
4243,7,27,59,0,51,59960946
4244,7,14,46,0,38,58335666
4245,6,26,55,0,47,75582832
4246,6,29,58,0,50,72319566
4247,5,18,44,0,36,79483544
4248,7,27,59,1,47,06999845
4249,5,25,51,0,43,79775870
4250,6,27,56,0,48,29547899
4251,7,25,57,0,49,18948983
4252,1,13,27,0,19,99697447
4253,8,21,56,0,48,93740844
4254,8,12,47,0,39,38979686
4255,3,24,44,1,32,52924789
4256,7,27,59,0,51,50497543
4257,6,16,45,0,37,55696059
4258,7,26,58,0,50,47137558
4259,6,18,47,0,39,45880964
4260,8,24,59,0,51,47405243
4261,2,24,41,0,33,11877244
4262,7,21,53,0,45,67647292
4263,6,15,44,0,36,38473687
4264,6,11,40,0,32,84747158
4265,7,11,43,0,35,93458629
4266,3,13,33,0,25,93985554
4267,8,22,57,0,49,68876623
4268,4,13,36,2,20,00400967
4269,8,24,59,1,47,89509816
4270,7,17,49,0,41,42895867
4271,6,21,50,0,42,00957430
4272,7,26,58,0,50,96553363
4273,5,13,39,0,31,39405763
4274,5,13,39,1,27,66898056
4275,6,24,53,0,45,73200177
4276,6,26,55,0,47,68257676
4277,7,26,58,0,50,98017870
4278,6,21,50,0,42,50508919
4279,7,13,45,0,37,77383857
4280,6,29,58,1,46,29364857
4281,7,24,56,0,48,58635603
4282,5,27,53,1,41,88961146
4283,6,21,50,0,42,27943757
4284,7,16,48,0,40,65929380
4285,5,15,41,0,33,72003967
4286,7,20,52,1,40,66486292
4287,6,27,56,1,44,49972247
4288,7,27,59,0,51,14671674
4289,6,23,52,0,44,37985753
4290,3,21,41,0,33,47093409
4291,8,16,51,0,43,00745864
4292,6,21,50,0,42,58685476
4293,7,13,45,0,37,41849868
4294,7,18,50,0,42,31444055
4295,6,12,41,0,33,84299631
4296,8,17,52,0,44,90710278
4297,8,17,52,1,40,90491054
4298,8,16,51,0,43,85785346
4299,4,20,43,1,31,58409559
4300,5,26,52,1,40,39718225
4301,5,14,40,0,32,69456281
4302,7,17,49,0,41,57438994
4303,6,30,59,0,51,94594395
4304,6,26,55,0,47,60696659
4305,7,26,58,0,50,29449754
4306,5,14,40,0,32,60515474
4307,6,21,50,0,42,75555146
4308,5,23,49,1,37,52547284
4309,7,22,54,0,46,80584976
4310,7,27,59,0,51,38450395
4311,6,26,55,0,47,87481017
4312,8,24,59,0,51,35236356
4313,4,15,38,1,26,74454826
4314,4,23,46,0,38,60584513
4315,8,24,59,0,51,62035114
4316,6,23,52,1,40,99934408
4317,7,27,59,0,51,36838869
4318,6,25,54,0,46,16816954
4319,7,27,59,0,51,65064755
4320,4,24,47,0,39,64505548
4321,8,13,48,0,40,28789509
4322,6,17,46,0,38,75479590
4323,7,24,56,0,48,99396344
4324,7,21,53,0,45,44171755
4325,6,22,51,0,43,28248865
4326,8,24,59,0,51,32747464
4327,4,22,45,0,37,25625998
4328,8,24,59,0,51,71575458
4329,3,21,41,0,33,63518654
4330,6,27,56,0,48,79650523
4331,7,26,58,0,50,48945997
4332,5,21,47,0,39,57997982
4333,7,21,53,1,41,45087263
4334,6,26,55,0,47,48412096
4335,5,23,49,0,41,96989652
4336,7,19,51,0,43,69788183
4337,6,25,54,0,46,31259244
4338,7,13,45,0,37,04487947
4339,6,30,59,0,51,71832593
4340,8,24,59,1,47,82874404
4341,4,17,40,0,32,77795264
4342,7,18,50,0,42,68452945
4343,6,27,56,0,48,35514468
4344,6,25,54,0,46,19486675
4345,7,27,59,0,51,35188795
4346,4,12,35,0,27,01977599
4347,8,22,57,1,45,30006817
4348,3,29,49,1,37,22999455
4349,8,24,59,0,51,67146698
4350,7,25,57,0,49,76749349
4351,6,21,50,0,42,36602448
4352,7,16,48,0,40,18788935
4353,5,25,51,0,43,09945618
4354,5,18,44,0,36,11591805
4355,6,23,52,0,44,12257989
4356,6,18,47,0,39,90516448
4357,7,16,48,0,40,39530895
4358,6,18,47,0,39,49440754
4359,7,10,42,0,34,48280191
4360,5,14,40,0,32,89485885
4361,4,14,37,0,29,77467789
4362,6,21,50,0,42,61407524
4363,7,22,54,0,46,95764588
4364,7,22,54,0,46,43795048
4365,6,24,53,0,45,95871463
4366,8,16,51,1,39,42804546
4367,5,25,51,0,43,00533447
4368,7,22,54,0,46,82388746
4369,5,22,48,1,36,90616566
4370,6,19,48,0,40,55645546
4371,7,26,58,0,50,59451447
4372,4,28,51,0,43,69885743
4373,8,15,50,0,42,53804260
4374,8,12,47,0,39,40847728
4375,4,23,46,0,38,79853646
4376,7,14,46,0,38,65476566
4377,6,21,50,0,42,62628381
4378,7,17,49,0,41,50548335
4379,6,15,44,1,32,48938551
4380,7,27,59,0,51,74168525
4381,6,19,48,0,40,61895644
4382,8,14,49,0,41,89582707
4383,4,18,41,1,29,20709916
4384,4,25,48,0,40,18410167
4385,8,16,51,0,43,97972634
4386,6,18,47,0,39,41997779
4387,7,27,59,0,51,77952797
4388,6,22,51,0,43,75576541
4389,7,19,51,0,43,54493550
4390,8,15,50,0,42,18826748
4391,5,18,44,1,32,28153294
4392,7,24,56,0,48,92166679
4393,6,21,50,0,42,87568666
4394,6,17,46,0,38,88604167
4395,7,21,53,0,45,92764637
4396,5,24,50,0,42,46548761
4397,4,20,43,0,35,55654651
4398,5,21,47,0,39,65410392
4399,6,18,47,0,39,00729064
4400,5,14,40,0,32,39744253
4401,8,22,57,0,49,60978647
4402,6,22,51,0,43,89147416
4403,7,24,56,0,48,26474436
4404,7,19,51,0,43,23568851
4405,6,26,55,0,47,34324157
4406,3,20,40,0,32,21506688
4407,5,24,50,1,38,94988456
4408,6,23,52,0,44,92294946
4409,5,22,48,0,40,46948598
4410,6,13,42,0,34,48377260
4411,7,15,47,0,39,74696898
4412,3,20,40,0,32,65561969
4413,8,22,57,0,49,95498735
4414,8,18,53,0,45,26515879
4415,2,26,43,1,31,88690865
4416,7,27,59,1,47,00572758
4417,6,20,49,1,37,77849535
4418,7,22,54,0,46,38359799
4419,6,10,39,0,31,92338167
4420,8,24,59,0,51,46512955
4421,3,25,45,0,37,72591608
4422,7,22,54,0,46,54765956
4423,6,18,47,0,39,38846307
4424,6,10,39,0,31,50346993
4425,7,25,57,0,49,39465268
4426,5,27,53,0,45,88475959
4427,8,24,59,0,51,75168778
4428,4,23,46,0,38,30909221
4429,8,24,59,0,51,06965903
4430,7,21,53,0,45,03696436
4431,6,19,48,1,36,74964666
4432,6,19,48,0,40,31470047
4433,5,17,43,0,35,03598986
4434,5,22,48,0,40,89459277
4435,7,27,59,1,47,63999649
4436,6,23,52,0,44,02992117
4437,7,26,58,0,50,44777354
4438,6,10,39,0,31,95411116
4439,7,27,59,1,47,57536544
4440,3,26,46,0,38,76499364
4441,8,21,56,0,48,73398355
4442,6,22,51,0,43,58091719
4443,7,20,52,1,40,07286776
4444,7,22,54,1,42,43783159
4445,6,24,53,0,45,61275966
4446,8,14,49,0,41,21804452
4447,2,19,36,0,28,85625974
4448,8,11,46,0,38,83955567
4449,4,12,35,0,27,16227832
4450,6,15,44,0,36,68407991
4451,7,21,53,0,45,64450483
4452,5,18,44,1,32,44743446
4453,6,23,52,0,44,72734449
4454,7,17,49,0,41,44884494
4455,5,26,52,0,44,59049999
4456,7,19,51,0,43,31496448
4457,6,20,49,0,41,07769754
4458,7,20,52,0,44,28470047
4459,6,18,47,0,39,52252659
4460,7,27,59,1,47,28967591
4461,5,21,47,0,39,72988580
4462,7,25,57,0,49,35099204
4463,6,16,45,0,37,98947695
4464,6,16,45,0,37,71886834
4465,7,21,53,0,45,45513755
4466,5,25,51,1,39,65450467
4467,5,27,53,0,45,37283886
4468,5,28,54,0,46,79500850
4469,6,20,49,0,41,35669684
4470,7,27,59,0,51,44295876
4471,6,25,54,0,46,63818634
4472,8,23,58,1,46,47844188
4473,3,27,47,0,39,84788656
4474,1,18,32,0,24,59398690
4475,8,24,59,1,47,46850992
4476,6,14,43,0,35,07752872
4477,7,27,59,0,51,73846214
4478,6,21,50,1,38,54659946
4479,7,17,49,0,41,00535497
4480,6,16,45,0,37,07338846
4481,7,23,55,0,47,40977495
4482,2,25,42,1,30,81658629
4483,8,13,48,0,40,76569765
4484,8,22,57,0,49,84857555
4485,3,15,35,0,27,91614866
4486,7,19,51,0,43,34298958
4487,6,22,51,0,43,13697922
4488,7,16,48,0,40,75538885
4489,6,21,50,0,42,96546560
4490,5,28,54,0,46,48886328
4491,5,18,44,0,36,32179065
4492,6,21,50,1,38,76566444
4493,7,15,47,1,35,61378937
4494,7,27,59,0,51,99627488
4495,6,24,53,0,45,70436315
4496,6,30,59,1,47,27897844
4497,5,27,53,1,41,86522142
4498,7,27,59,0,51,91684868
4499,5,25,51,0,43,37947148
4500,8,24,59,0,51,67854086
4501,4,24,47,2,31,85556492
4502,7,23,55,0,47,87825163
4503,6,16,45,1,33,63686297
4504,6,20,49,0,41,99878759
4505,7,27,59,0,51,89476665
4506,4,22,45,0,37,62734245
4507,8,14,49,0,41,35635032
4508,1,20,34,0,26,45661599
4509,8,15,50,0,42,37851854
4510,7,26,58,0,50,59655976
4511,6,18,47,0,39,88045457
4512,6,16,45,0,37,54674823
4513,5,17,43,0,35,79047856
4514,5,30,56,1,44,58504968
4515,7,20,52,0,44,67218637
4516,6,23,52,0,44,74708736
4517,7,18,50,0,42,23686264
4518,6,19,48,1,36,42240845
4519,7,18,50,0,42,47634849
4520,5,27,53,0,45,36647947
4521,4,25,48,0,40,07789561
4522,6,18,47,0,39,54953959
4523,7,27,59,0,51,98777613
4524,7,23,55,0,47,86004556
4525,6,18,47,0,39,95793492
4526,5,19,45,0,37,28564548
4527,5,22,48,0,40,74915949
4528,6,27,56,1,44,06577283
4529,5,27,53,0,45,81589774
4530,6,15,44,0,36,84578296
4531,7,21,53,0,45,94584549
4532,4,22,45,0,37,04994475
4533,8,24,59,1,47,04769450
4534,8,16,51,0,43,70395859
4535,4,27,50,0,42,14802223
4536,7,25,57,0,49,97893897
4537,6,25,54,0,46,76706573
4538,7,14,46,0,38,93646325
4539,6,24,53,0,45,75655457
4540,8,18,53,0,45,09887045
4541,5,27,53,0,45,74169939
4542,7,21,53,0,45,16433134
4543,6,18,47,0,39,98497842
4544,6,27,56,0,48,05969287
4545,7,19,51,0,43,82082449
4546,5,21,47,0,39,66570703
4547,4,10,33,1,21,25349520
4548,5,19,45,0,37,78072584
4549,6,26,55,0,47,49844756
4550,7,13,45,0,37,86104467
4551,6,13,42,0,34,71051946
4552,8,19,54,0,46,75875887
4553,4,13,36,0,28,84715449
4554,4,25,48,0,40,31367448
4555,8,16,51,0,43,80937996
4556,6,22,51,0,43,81463982
4557,7,14,46,0,38,27880943
4558,6,25,54,0,46,78442464
4559,7,24,56,1,44,87804978
4560,4,21,44,0,36,49816724
4561,8,24,59,0,51,30448954
4562,6,14,43,0,35,37987462
4563,7,26,58,0,50,26736487
4564,7,26,58,0,50,27831160
4565,6,15,44,0,36,88294409
4566,8,24,59,0,51,75886471
4567,4,26,49,0,41,24694079
4568,8,22,57,0,49,02495335
4569,2,27,44,0,36,52533142
4570,6,19,48,0,40,77180648
4571,7,14,46,0,38,91268785
4572,5,22,48,1,36,08740750
4573,6,26,55,0,47,74857484
4574,7,11,43,0,35,89578675
4575,5,19,45,0,37,65141985
4576,7,23,55,1,43,21188004
4577,6,24,53,0,45,12559127
4578,7,22,54,1,42,97156949
4579,6,18,47,0,39,84422457
4580,7,19,51,0,43,70610596
4581,6,19,48,0,40,18665169
4582,7,17,49,0,41,17829333
4583,5,23,49,0,41,52447228
4584,5,21,47,0,39,09785352
4585,6,17,46,1,34,83409605
4586,6,26,55,0,47,84888455
4587,7,23,55,0,47,54945072
4588,6,18,47,1,35,59465383
4589,7,14,46,0,38,64270744
4590,8,24,59,0,51,57754498
4591,4,16,39,0,31,58478850
4592,7,22,54,0,46,13230575
4593,6,12,41,1,29,15716528
4594,6,16,45,0,37,75265849
4595,7,16,48,1,36,64965268
4596,4,23,46,0,38,68479986
4597,8,24,59,0,51,09992794
4598,3,15,35,0,27,67093435
4599,8,17,52,0,44,95986886
4600,5,27,53,0,45,97715837
4601,7,21,53,0,45,75361985
4602,6,22,51,0,43,90492339
4603,7,18,50,0,42,17845128
4604,7,19,51,0,43,08479314
4605,6,25,54,0,46,57653189
4606,6,28,57,0,49,28934267
4607,5,18,44,1,32,12741749
4608,5,11,37,1,25,08919468
4609,5,17,43,0,35,67543073
4610,6,20,49,0,41,86093518
4611,7,24,56,0,48,98694869
4612,4,27,50,1,38,49249442
4613,8,13,48,1,36,62572456
4614,8,23,58,0,50,39928376
4615,4,28,51,0,43,35575674
4616,7,27,59,1,47,63288856
4617,6,20,49,0,41,78675550
4618,7,12,44,0,36,94822157
4619,6,18,47,0,39,95196728
4620,8,24,59,0,51,26564405
4621,4,29,52,0,44,89659811
4622,7,18,50,0,42,87848552
4623,6,18,47,0,39,89787065
4624,6,18,47,0,39,08598763
4625,7,27,59,0,51,89754514
4626,4,23,46,0,38,82838944
4627,8,11,46,0,38,84927954
4628,2,25,42,0,34,76646379
4629,8,22,57,0,49,46157166
4630,7,27,59,0,51,40647339
4631,6,23,52,0,44,46875762
4632,3,20,40,0,32,97654875
4633,5,22,48,0,40,42887543
4634,5,25,51,0,43,02526465
4635,8,24,59,1,47,66888176
4636,6,27,56,0,48,93732476
4637,7,27,59,0,51,61983977
4638,6,23,52,1,40,41525477
4639,7,21,53,0,45,69906250
4640,4,20,43,0,35,87223982
4641,8,14,49,0,41,59967949
4642,6,29,58,0,50,44289957
4643,7,16,48,0,40,90566058
4644,7,19,51,0,43,48709644
4645,6,19,48,0,40,42462988
4646,8,21,56,0,48,74109573
4647,4,21,44,0,36,92686298
4648,8,16,51,0,43,49096958
4649,4,26,49,0,41,87678556
4650,6,18,47,0,39,26919774
4651,7,23,55,0,47,84521718
4652,5,30,56,0,48,31137950
4653,5,23,49,0,41,97236454
4654,6,19,48,0,40,92588747
4655,5,26,52,1,40,42865583
4656,7,17,49,0,41,69456500
4657,6,14,43,0,35,46858952
4658,7,26,58,0,50,25485793
4659,6,15,44,1,32,15807818
4660,7,14,46,0,38,76141603
4661,5,14,40,0,32,54187657
4662,7,20,52,1,40,00278513
4663,6,22,51,0,43,86496747
4664,6,16,45,0,37,57674349
4665,7,17,49,1,37,29328018
4666,5,22,48,0,40,53777424
4667,6,12,41,0,33,86875599
4668,5,18,44,0,36,42715364
4669,4,31,54,0,46,72471287
4670,7,18,50,0,42,58579685
4671,6,18,47,0,39,47529548
4672,8,20,55,0,47,40209566
4673,4,25,48,0,40,05624196
4674,4,32,55,0,47,88305592
4675,8,19,54,1,42,95050858
4676,6,29,58,0,50,06020759
4677,7,18,50,1,38,84867345
4678,6,27,56,0,48,14895955
4679,7,16,48,1,36,36513938
4680,6,30,59,0,51,83015695
4681,7,24,56,0,48,05851838
4682,4,11,34,1,22,86756240
4683,8,24,59,0,51,64986825
4684,8,24,59,0,51,04594559
4685,4,17,40,0,32,49163267
4686,7,17,49,0,41,08394467
4687,6,24,53,0,45,60256760
4688,7,19,51,1,39,59991193
4689,6,22,51,0,43,95689678
4690,5,19,45,0,37,91778626
4691,6,20,49,1,37,26434459
4692,6,19,48,0,40,74293597
4693,7,11,43,0,35,87789445
4694,7,25,57,0,49,99678694
4695,6,28,57,0,49,93755479
4696,7,24,56,0,48,87918952
4697,5,22,48,0,40,46427844
4698,8,24,59,0,51,58376561
4699,5,23,49,0,41,47214589
4700,8,24,59,0,51,87685746
4701,3,24,44,0,36,84527869
4702,7,21,53,0,45,42689213
4703,6,27,56,0,48,27754442
4704,6,14,43,0,35,79005490
4705,7,12,44,0,36,54796196
4706,2,22,39,0,31,69835388
4707,8,24,59,0,51,79576968
4708,4,25,48,0,40,47974584
4709,8,24,59,0,51,45135956
4710,7,18,50,1,38,08691670
4711,6,27,56,0,48,58788347
4712,5,25,51,0,43,95881937
4713,5,18,44,0,36,89540556
4714,5,23,49,1,37,82479506
4715,6,28,57,0,49,71514449
4716,6,20,49,0,41,00332927
4717,7,22,54,0,46,58511752
4718,6,14,43,0,35,85445076
4719,7,12,44,1,32,48884452
4720,5,28,54,0,46,48457993
4721,7,19,51,0,43,36974867
4722,6,22,51,0,43,59695285
4723,7,22,54,0,46,45808086
4724,7,25,57,1,45,66159376
4725,6,16,45,0,37,78735628
4726,6,22,51,0,43,67561228
4727,5,17,43,0,35,99638665
4728,3,27,47,1,35,10897945
4729,5,24,50,0,42,62855366
4730,6,17,46,0,38,80923784
4731,7,19,51,0,43,30739567
4732,3,26,46,0,38,51759877
4733,8,24,59,0,51,72065470
4734,8,11,46,0,38,15693647
4735,4,17,40,0,32,76891837
4736,7,23,55,1,43,49789328
4737,6,26,55,0,47,41751996
4738,7,17,49,0,41,49845575
4739,6,27,56,0,48,80596994
4740,7,14,46,0,38,47359069
4741,5,21,47,0,39,77405473
4742,7,23,55,0,47,70898499
4743,6,19,48,1,36,51049421
4744,6,20,49,0,41,64026598
4745,7,20,52,0,44,74658242
4746,5,20,46,0,38,78577977
4747,6,14,43,0,35,98076398
4748,5,15,41,1,29,65251630
4749,5,14,40,0,32,96816979
4750,7,24,56,0,48,68174499
4751,6,15,44,0,36,49675860
4752,8,24,59,0,51,32515437
4753,3,22,42,0,34,79866874
4754,2,28,45,0,37,09840886
4755,8,19,54,0,46,47680002
4756,6,29,58,0,50,44146389
4757,7,25,57,0,49,00378814
4758,6,18,47,0,39,92393829
4759,7,22,54,0,46,35809529
4760,3,24,44,1,32,85649553
4761,8,24,59,0,51,79057327
4762,6,13,42,0,34,97545911
4763,7,16,48,0,40,69595291
4764,7,25,57,0,49,56988687
4765,6,24,53,1,41,86275555
4766,8,18,53,1,41,06613640
4767,1,22,36,0,28,77570096
4768,8,20,55,0,47,85506785
4769,4,12,35,0,27,84674627
4770,6,17,46,0,38,61688848
4771,7,13,45,0,37,94982688
4772,5,15,41,0,33,48683070
4773,4,17,40,1,28,68571467
4774,8,21,56,0,48,75915411
4775,5,23,49,1,37,25118869
4776,7,13,45,0,37,25908875
4777,6,25,54,0,46,90752697
4778,7,22,54,0,46,77498471
4779,6,21,50,0,42,97369989
4780,7,16,48,1,36,55103195
4781,6,15,44,1,32,42842950
4782,8,24,59,0,51,54970986
4783,5,27,53,0,45,86565660
4784,5,19,45,0,37,80281515
4785,4,17,40,0,32,79896089
4786,6,24,53,1,41,84469957
4787,7,27,59,1,47,64703885
4788,6,26,55,0,47,51664860
4789,7,15,47,0,39,57301505
4790,8,17,52,0,44,05721460
4791,2,26,43,0,35,27568928
4792,7,22,54,0,46,19998654
4793,6,26,55,0,47,54497814
4794,6,23,52,0,44,91895254
4795,7,10,42,0,34,96696352
4796,3,19,39,0,31,13287946
4797,8,24,59,0,51,62475565
4798,4,26,49,0,41,25672669
4799,8,23,58,0,50,79685892
4800,6,13,42,0,34,64439527
4801,7,16,48,0,40,68120746
4802,4,23,46,0,38,55664363
4803,8,12,47,0,39,09877939
4804,8,20,55,0,47,18197162
4805,4,23,46,0,38,90745019
4806,7,27,59,0,51,62165848
4807,6,16,45,0,37,84588179
4808,7,11,43,0,35,46862197
4809,6,20,49,1,37,61598494
4810,5,24,50,0,42,92594782
4811,4,19,42,0,34,82567486
4812,6,24,53,1,41,76402864
4813,7,23,55,0,47,34873295
4814,7,27,59,0,51,70367355
4815,6,24,53,0,45,72648247
4816,8,18,53,0,45,04428815
4817,5,16,42,0,34,54968855
4818,7,16,48,1,36,91067870
4819,5,16,42,0,34,87647806
4820,7,24,56,0,48,46959824
4821,6,18,47,0,39,89971278
4822,7,27,59,0,51,94567499
4823,5,19,45,1,33,55052348
4824,5,21,47,1,35,94730289
4825,6,25,54,0,46,54649546
4826,6,25,54,0,46,66199736
4827,7,26,58,0,50,02491444
4828,6,15,44,0,36,98717045
4829,7,14,46,1,34,95947450
4830,8,24,59,0,51,05586445
4831,4,20,43,0,35,67455792
4832,7,21,53,0,45,75469593
4833,6,15,44,0,36,65469794
4834,6,19,48,0,40,26019971
4835,7,23,55,0,47,26169805
4836,4,26,49,0,41,85049629
4837,8,20,55,0,47,94940081
4838,6,18,47,0,39,76664379
4839,8,24,59,0,51,90285454
4840,6,27,56,0,48,78294230
4841,7,16,48,0,40,95583018
4842,5,15,41,0,33,62977080
4843,7,20,52,1,40,03766564
4844,6,30,59,1,47,57756825
4845,5,16,42,0,34,46699854
4846,7,18,50,0,42,25785707
4847,6,20,49,0,41,01288088
4848,7,15,47,0,39,89711491
4849,6,25,54,0,46,80135566
4850,4,20,43,0,35,99275135
4851,8,17,52,0,44,59375745
4852,6,28,57,0,49,44299729
4853,7,23,55,0,47,99841835
4854,7,16,48,0,40,86792627
4855,6,21,50,1,38,06827286
4856,8,24,59,1,47,46154584
4857,4,27,50,0,42,64993009
4858,8,24,59,0,51,04189448
4859,2,21,38,0,30,22848263
4860,7,20,52,0,44,93699127
4861,6,16,45,0,37,84584190
4862,8,10,45,0,37,07029925
4863,4,23,46,0,38,59886727
4864,4,18,41,0,33,27459684
4865,8,24,59,0,51,66994594
4866,6,19,48,0,40,90579588
4867,7,16,48,0,40,85024316
4868,6,28,57,0,49,60409045
4869,7,13,45,0,37,88463799
4870,5,10,36,0,28,58586497
4871,5,31,57,0,49,05548154
4872,7,17,49,0,41,91724888
4873,6,10,39,0,31,48507491
4874,6,20,49,0,41,89381441
4875,7,27,59,0,51,01527640
4876,5,17,43,1,31,87412855
4877,8,24,59,0,51,67714576
4878,5,23,49,0,41,09975991
4879,7,27,59,0,51,93655441
4880,5,27,53,0,45,74629407
4881,5,25,51,0,43,23691667
4882,6,21,50,0,42,87375666
4883,7,15,47,0,39,32551284
4884,7,16,48,0,40,35855365
4885,6,27,56,0,48,48414496
4886,5,18,44,0,36,08094330
4887,5,23,49,0,41,56744988
4888,6,11,40,0,32,84966827
4889,5,23,49,0,41,59078388
4890,6,21,50,0,42,95522085
4891,7,18,50,1,38,48678773
4892,4,24,47,0,39,79292185
4893,8,24,59,0,51,50765447
4894,8,22,57,0,49,47040004
4895,4,22,45,0,37,45807496
4896,7,23,55,1,43,65410684
4897,6,25,54,0,46,87681887
4898,7,26,58,0,50,26849744
4899,6,23,52,0,44,57694482
4900,7,20,52,0,44,71185889
4901,6,16,45,0,37,36796949
4902,7,12,44,0,36,15757897
4903,5,14,40,0,32,86364989
4904,5,18,44,1,32,27407443
4905,6,23,52,1,40,92138979
4906,6,21,50,0,42,96675251
4907,7,10,42,1,30,88476673
4908,6,25,54,2,38,63378563
4909,7,23,55,0,47,74139487
4910,8,20,55,0,47,59402477
4911,3,12,32,0,24,79352152
4912,7,26,58,0,50,03889786
4913,6,13,42,0,34,49724889
4914,6,22,51,0,43,86574823
4915,7,11,43,0,35,93595544
4916,1,16,30,1,18,52547385
4917,8,16,51,0,43,85668769
4918,4,20,43,0,35,57969807
4919,8,17,52,0,44,60874536
4920,6,27,56,0,48,48534634
4921,7,15,47,0,39,78864216
4922,3,30,50,0,42,16344175
4923,8,18,53,0,45,47139674
4924,8,23,58,0,50,90581778
4925,2,24,41,0,33,55348949
4926,7,25,57,0,49,16507458
4927,6,12,41,0,33,92848787
4928,7,12,44,0,36,96496696
4929,6,25,54,0,46,28575766
4930,5,14,40,0,32,16626548
4931,5,15,41,0,33,03909964
4932,6,30,59,0,51,89846664
4933,7,22,54,0,46,39673547
4934,7,15,47,0,39,44274920
4935,6,18,47,1,35,74498462
4936,6,25,54,0,46,63485517
4937,5,28,54,0,46,89274709
4938,7,23,55,0,47,06388617
4939,5,32,58,0,50,33989866
4940,7,17,49,0,41,99567901
4941,6,14,43,1,31,59056592
4942,8,20,55,0,47,92850744
4943,3,25,45,0,37,07167695
4944,7,22,54,0,46,86760186
4945,8,24,59,1,47,26694033
4946,6,21,50,0,42,79855859
4947,7,22,54,0,46,85804973
4948,6,20,49,0,41,59962944
4949,7,27,59,0,51,89794746
4950,3,24,44,0,36,43334754
4951,5,26,52,0,44,79898587
4952,7,20,52,0,44,07764768
4953,6,17,46,0,38,62562787
4954,6,25,54,0,46,55423918
4955,7,18,50,0,42,64025657
4956,5,29,55,0,47,20186113
4957,8,24,59,0,51,55999943
4958,5,25,51,0,43,49058648
4959,7,26,58,0,50,59866356
4960,6,21,50,1,38,46172314
4961,7,27,59,0,51,29277485
4962,5,12,38,0,30,57844531
4963,7,14,46,0,38,60823284
4964,6,15,44,0,36,66183687
4965,5,11,37,0,29,48265129
4966,7,10,42,0,34,79199435
4967,6,15,44,0,36,92776545
4968,7,26,58,0,50,19583618
4969,6,19,48,0,40,55954448
4970,3,21,41,0,33,77795991
4971,8,19,54,0,46,77467627
4972,6,17,46,0,38,87042785
4973,7,26,58,0,50,90957976
4974,7,24,56,0,48,46394759
4975,6,28,57,1,45,48789874
4976,8,24,59,0,51,85472736
4977,2,17,34,0,26,75324041
4978,8,23,58,0,50,96876917
4979,4,13,36,0,28,92558048
4980,8,20,55,0,47,28847117
4981,1,19,33,0,25,64554888
4982,7,23,55,1,43,67109595
4983,6,17,46,0,38,84978178
4984,6,12,41,0,33,47835917
4985,7,27,59,1,47,53688729
4986,3,16,36,0,28,78669956
4987,8,12,47,0,39,66424585
4988,4,16,39,0,31,44418997
4989,8,21,56,0,48,64140800
4990,7,20,52,0,44,70395848
4991,6,13,42,0,34,74434584
4992,6,12,41,0,33,82087464
4993,5,15,41,0,33,80995247
4994,5,16,42,0,34,41481110
4995,7,26,58,0,50,38693675
4996,6,15,44,0,36,77481888
4997,7,27,59,0,51,89416729
4998,6,15,44,1,32,85053641
4999,7,19,51,1,39,71136079
5000,8,24,59,0,51,55676963
5001,7,24,56,0,48,85494876
5002,6,24,53,0,45,68798686
5003,4,23,46,1,34,95689698
5004,1,19,33,0,25,86695268
5005,5,18,44,0,36,96006747
5006,7,25,57,2,41,92868975
5007,8,24,59,0,51,67348531
5008,7,17,49,1,37,17454566
5009,8,11,46,0,38,46775489
5010,7,27,59,0,51,39513877
5011,6,18,47,0,39,58568048
5012,8,17,52,0,44,17955192
5013,7,18,50,0,42,81888229
5014,7,18,50,0,42,46915719
5015,8,20,55,0,47,88758376
5016,6,20,49,0,41,95987687
5017,8,21,56,0,48,85956965
5018,6,22,51,0,43,65358817
5019,4,31,54,0,46,94898563
5020,7,13,45,0,37,15755791
5021,8,23,58,0,50,70758052
5022,6,19,48,0,40,98883785
5023,6,17,46,1,34,15556892
5024,6,18,47,0,39,54227885
5025,6,16,45,0,37,96382599
5026,8,19,54,1,42,86306693
5027,7,17,49,0,41,51786857
5028,8,21,56,0,48,48537689
5029,7,21,53,0,45,80879994
5030,4,23,46,0,38,85662247
5031,7,20,52,1,40,55168451
5032,7,27,59,0,51,99738105
5033,8,19,54,1,42,04558795
5034,8,24,59,1,47,78344536
5035,7,27,59,1,47,81743763
5036,8,18,53,0,45,34912948
5037,3,15,35,0,27,06958703
5038,5,28,54,0,46,43948942
5039,5,18,44,0,36,05384645
5040,8,24,59,0,51,45475658
5041,7,19,51,1,39,66685448
5042,7,26,58,1,46,37637137
5043,6,17,46,1,34,56948859
5044,6,25,54,0,46,79788624
5045,6,25,54,0,46,32365787
5046,7,21,53,0,45,67840989
5047,8,18,53,0,45,44473889
5048,7,16,48,1,36,64550487
5049,8,14,49,0,41,87741441
5050,7,20,52,1,40,43437448
5051,4,24,47,1,35,75839644
5052,8,17,52,0,44,09151070
5053,7,27,59,0,51,72459556
5054,7,23,55,0,47,44928765
5055,8,21,56,0,48,77844295
5056,2,21,38,0,30,49466225
5057,8,21,56,0,48,74964888
5058,5,22,48,0,40,72756785
5059,7,17,49,0,41,36876815
5060,7,19,51,0,43,54993967
5061,8,17,52,0,44,03897084
5062,4,14,37,0,29,64066678
5063,7,16,48,0,40,27446952
5064,6,29,58,1,46,72199599
5065,3,31,51,1,39,60607968
5066,8,21,56,0,48,78833780
5067,7,27,59,0,51,69660989
5068,8,17,52,0,44,39515149
5069,7,27,59,0,51,68558585
5070,6,15,44,0,36,85358983
5071,7,22,54,0,46,74471315
5072,7,15,47,0,39,95919539
5073,8,20,55,1,43,97939655
5074,8,24,59,0,51,95156627
5075,7,24,56,0,48,69186168
5076,8,24,59,0,51,44835415
5077,6,20,49,0,41,75923465
5078,7,24,56,0,48,54755397
5079,6,25,54,0,46,57375652
5080,8,16,51,0,43,18978974
5081,6,16,45,0,37,89699808
5082,8,18,53,0,45,25164943
5083,7,18,50,0,42,65877947
5084,7,19,51,1,39,83470656
5085,8,20,55,0,47,79404735
5086,6,30,59,0,51,89529853
5087,7,21,53,0,45,26479876
5088,6,17,46,0,38,54669055
5089,5,18,44,1,32,83872074
5090,8,23,58,0,50,97980379
5091,7,14,46,0,38,86876556
5092,6,14,43,0,35,46475767
5093,7,21,53,0,45,65226448
5094,4,31,54,0,46,34464092
5095,8,20,55,0,47,62394902
5096,7,23,55,0,47,75439500
5097,8,14,49,0,41,77816945
5098,7,26,58,0,50,54484461
5099,8,23,58,0,50,26871168
5100,7,16,48,0,40,44555777
5101,8,17,52,0,44,33866975
5102,6,16,45,0,37,17888802
5103,7,18,50,0,42,59760254
5104,6,16,45,0,37,66186459
5105,6,22,51,0,43,96647856
5106,8,18,53,0,45,55385531
5107,7,15,47,0,39,89760689
5108,8,16,51,0,43,94679598
5109,7,16,48,0,40,96139747
5110,5,27,53,0,45,99366556
5111,7,14,46,0,38,14526679
5112,7,19,51,0,43,97747849
5113,8,24,59,0,51,33707827
5114,8,14,49,0,41,16165049
5115,7,26,58,0,50,79617557
5116,8,18,53,1,41,77594054
5117,5,26,52,0,44,68508967
5118,8,23,58,0,50,17194324
5119,3,19,39,0,31,04534794
5120,8,19,54,0,46,95055958
5121,7,27,59,1,47,26588964
5122,7,25,57,0,49,39887493
5123,5,19,45,0,37,45840997
5124,5,25,51,0,43,94622576
5125,6,20,49,0,41,78959599
5126,7,14,46,0,38,41488008
5127,8,18,53,0,45,98146177
5128,7,27,59,0,51,44839966
5129,8,24,59,1,47,90657656
5130,7,27,59,0,51,41739847
5131,6,26,55,0,47,87555409
5132,8,24,59,0,51,21587489
5133,7,19,51,0,43,24508170
5134,7,13,45,0,37,90853599
5135,8,22,57,1,45,83239855
5136,6,15,44,0,36,98176378
5137,8,18,53,0,45,62929685
5138,6,23,52,0,44,24665459
5139,8,24,59,0,51,85666968
5140,7,20,52,1,40,81214586
5141,8,24,59,0,51,14200698
5142,5,19,45,0,37,01325015
5143,8,24,59,0,51,76977048
5144,4,14,37,0,29,14757055
5145,5,21,47,0,39,05798979
5146,8,24,59,0,51,54533395
5147,7,24,56,0,48,54867079
5148,8,17,52,0,44,77275700
5149,7,20,52,0,44,24061652
5150,6,30,59,0,51,28846584
5151,7,27,59,0,51,08130584
5152,7,14,46,0,38,75537558
5153,8,21,56,0,48,43276755
5154,8,11,46,0,38,42994705
5155,7,15,47,0,39,94054739
5156,8,24,59,0,51,34159174
5157,6,17,46,0,38,55755785
5158,8,24,59,0,51,54725749
5159,6,21,50,0,42,33635456
5160,8,23,58,0,50,43660145
5161,7,21,53,0,45,15218643
5162,8,17,52,1,40,96696790
5163,6,16,45,1,33,55564767
5164,6,16,45,0,37,44895731
5165,5,18,44,0,36,59268348
5166,7,11,43,0,35,80867495
5167,8,24,59,0,51,58696569
5168,7,21,53,0,45,56528160
5169,8,15,50,0,42,37091499
5170,7,26,58,0,50,85597072
5171,5,20,46,1,34,65739545
5172,8,17,52,0,44,18590419
5173,7,27,59,0,51,64346997
5174,7,19,51,0,43,09740967
5175,8,14,49,1,37,71666466
5176,5,19,45,0,37,92449346
5177,8,24,59,0,51,54776964
5178,1,14,28,0,20,84754655
5179,8,23,58,1,46,45506953
5180,5,25,51,0,43,87845614
5181,8,22,57,0,49,64908795
5182,7,23,55,0,47,49798879
5183,8,24,59,0,51,77146754
5184,8,23,58,0,50,62986350
5185,7,11,43,0,35,90746296
5186,7,14,46,0,38,68564869
5187,5,14,40,0,32,11144983
5188,6,25,54,0,46,49556578
5189,4,17,40,0,32,66285377
5190,7,19,51,1,39,75855701
5191,8,22,57,0,49,89064297
5192,6,24,53,1,41,09532978
5193,5,26,52,0,44,59148575
5194,7,16,48,1,36,73256953
5195,6,30,59,0,51,87533758
5196,8,23,58,0,50,82648640
5197,7,26,58,2,42,73693584
5198,8,24,59,0,51,82958740
5199,7,20,52,1,40,88982587
5200,8,21,56,0,48,78791087
5201,7,21,53,0,45,43047035
5202,8,23,58,0,50,71549745
5203,5,23,49,0,41,73166043
5204,5,22,48,0,40,47193491
5205,7,17,49,0,41,16066783
5206,7,14,46,0,38,54675170
5207,8,17,52,0,44,84785709
5208,7,21,53,0,45,57965516
5209,8,15,50,0,42,69876167
5210,3,30,50,1,38,48363747
5211,6,21,50,0,42,97654961
5212,8,24,59,0,51,64949145
5213,7,27,59,1,47,28826479
5214,7,27,59,0,51,16149444
5215,8,11,46,0,38,47937668
5216,6,20,49,0,41,79491965
5217,7,25,57,0,49,16124257
5218,6,15,44,0,36,64385168
5219,8,13,48,0,40,34781775
5220,7,12,44,0,36,78657926
5221,8,24,59,0,51,25376016
5222,6,14,43,0,35,39801995
5223,8,18,53,0,45,73973996
5224,7,15,47,0,39,99752154
5225,6,17,46,0,38,69737235
5226,8,21,56,0,48,44246585
5227,7,17,49,0,41,17248441
5228,8,24,59,0,51,93775617
5229,7,22,54,0,46,83827609
5230,5,24,50,0,42,67074208
5231,5,21,47,0,39,57672801
5232,7,19,51,0,43,39970446
5233,8,23,58,0,50,74283407
5234,8,23,58,0,50,05849572
5235,7,27,59,0,51,20566938
5236,7,16,48,0,40,76747979
5237,5,30,56,0,48,05854461
5238,8,24,59,0,51,28217746
5239,2,20,37,0,29,61127742
5240,8,24,59,0,51,43969463
5241,7,20,52,0,44,44644589
5242,8,21,56,0,48,47768693
5243,6,19,48,0,40,58547754
5244,6,26,55,0,47,78408880
5245,7,21,53,0,45,44503395
5246,7,25,57,1,45,96479661
5247,8,24,59,0,51,99846847
5248,7,21,53,0,45,46259327
5249,8,24,59,1,47,11776046
5250,6,10,39,0,31,62557104
5251,5,12,38,1,26,40753506
5252,8,18,53,0,45,99605046
5253,7,18,50,1,38,86674195
5254,7,25,57,0,49,58744319
5255,8,24,59,0,51,65226909
5256,5,19,45,0,37,49579542
5257,6,16,45,0,37,12891771
5258,3,21,41,0,33,12501796
5259,8,21,56,0,48,21457962
5260,7,12,44,0,36,51205468
5261,8,24,59,0,51,46911797
5262,5,16,42,0,34,22811977
5263,8,15,50,0,42,51917470
5264,7,17,49,0,41,67949677
5265,5,26,52,0,44,28853294
5266,8,24,59,0,51,65779285
5267,7,27,59,0,51,84656502
5268,8,13,48,0,40,98837863
5269,7,22,54,2,38,59657107
5270,6,26,55,0,47,14467743
5271,6,14,43,0,35,70428900
5272,7,12,44,0,36,56799171
5273,8,24,59,0,51,86228899
5274,8,24,59,0,51,48997635
5275,7,24,56,0,48,81789068
5276,6,29,58,0,50,05969019
5277,6,18,47,0,39,37286746
5278,8,24,59,0,51,49765969
5279,6,21,50,0,42,64404832
5280,7,15,47,0,39,49719015
5281,6,16,45,0,37,44505287
5282,8,22,57,0,49,62661448
5283,7,13,45,0,37,87659985
5284,7,27,59,0,51,56962796
5285,8,10,45,0,37,74585821
5286,6,30,59,0,51,07884354
5287,6,18,47,0,39,29945312
5288,6,19,48,0,40,19887790
5289,7,22,54,0,46,85876328
5290,8,18,53,0,45,14314292
5291,7,16,48,0,40,15569897
5292,7,23,55,0,47,79978428
5293,5,15,41,0,33,38235550
5294,5,13,39,0,31,05658437
5295,8,24,59,0,51,50568288
5296,7,19,51,0,43,41697675
5297,8,24,59,0,51,88287701
5298,7,22,54,0,46,25784805
5299,8,24,59,0,51,74295251
5300,7,17,49,0,41,84499457
5301,8,24,59,0,51,06852124
5302,6,13,42,0,34,86848780
5303,8,21,56,0,48,85868845
5304,7,14,46,0,38,60529254
5305,6,27,56,0,48,95882758
5306,8,24,59,0,51,54834696
5307,7,27,59,0,51,58282766
5308,8,16,51,1,39,65687481
5309,7,14,46,0,38,97469341
5310,4,13,36,0,28,65687816
5311,6,15,44,0,36,87682722
5312,7,24,56,1,44,69742896
5313,8,24,59,0,51,89280957
5314,8,16,51,0,43,86544476
5315,7,20,52,0,44,11757764
5316,8,20,55,0,47,45993765
5317,1,14,28,0,20,79957364
5318,8,23,58,0,50,89746374
5319,5,27,53,0,45,61473199
5320,8,17,52,0,44,29593172
5321,7,18,50,0,42,75756457
5322,8,24,59,0,51,77062046
5323,4,17,40,0,32,48040785
5324,3,25,45,0,37,90197904
5325,7,22,54,0,46,22780547
5326,7,27,59,0,51,96555718
5327,8,24,59,0,51,67564640
5328,7,20,52,1,40,91692546
5329,8,24,59,0,51,85499685
5330,6,22,51,0,43,68714585
5331,6,21,50,1,38,63886018
5332,8,22,57,0,49,89546572
5333,7,16,48,0,40,00744730
5334,7,22,54,0,46,94375770
5335,8,16,51,0,43,78646222
5336,6,16,45,0,37,28483451
5337,8,24,59,0,51,89980275
5338,6,28,57,0,49,86397687
5339,8,12,47,1,35,54645521
5340,7,21,53,0,45,75211202
5341,8,24,59,0,51,20290184
5342,4,20,43,0,35,79615464
5343,8,24,59,0,51,97906490
5344,7,19,51,0,43,58589938
5345,2,27,44,0,36,35269917
5346,8,16,51,0,43,55984678
5347,7,27,59,0,51,23066867
5348,8,18,53,0,45,89449173
5349,7,10,42,1,30,74094798
5350,6,18,47,0,39,47649166
5351,5,28,54,0,46,06458311
5352,7,22,54,0,46,85743622
5353,8,14,49,0,41,43499422
5354,8,15,50,0,42,74936708
5355,7,14,46,0,38,95901028
5356,7,22,54,0,46,63976423
5357,6,19,48,0,40,66121708
5358,8,20,55,0,47,58776855
5359,6,20,49,0,41,52927607
5360,8,12,47,0,39,64905468
5361,7,27,59,0,51,96247029
5362,8,24,59,1,47,00640061
5363,6,15,44,0,36,96487199
5364,6,21,50,0,42,44449679
5365,7,12,44,0,36,48193262
5366,7,14,46,1,34,89876728
5367,8,14,49,0,41,58854176
5368,7,21,53,0,45,26896064
5369,8,24,59,1,47,75490976
5370,4,20,43,0,35,01431924
5371,4,22,45,0,37,28885998
5372,8,21,56,0,48,88705172
5373,7,13,45,0,37,58288944
5374,7,16,48,0,40,16287565
5375,8,21,56,0,48,65349248
5376,3,14,34,0,26,68858466
5377,7,27,59,0,51,18856878
5378,5,28,54,0,46,45875694
5379,8,24,59,0,51,55087285
5380,6,11,40,1,28,45085055
5381,6,27,56,1,44,94567307
5382,7,14,46,0,38,99699879
5383,8,17,52,0,44,79175424
5384,8,23,58,1,46,66974794
5385,7,18,50,0,42,45362976
5386,4,26,49,0,41,53256947
5387,4,25,48,0,40,46240853
5388,7,12,44,0,36,76878792
5389,5,25,51,0,43,87287498
5390,7,20,52,0,44,21600936
5391,8,18,53,0,45,54436096
5392,6,24,53,0,45,83767028
5393,7,11,43,0,35,70748415
5394,8,21,56,0,48,79627474
5395,6,23,52,0,44,56047437
5396,8,22,57,1,45,90462452
5397,7,19,51,0,43,77055551
5398,8,24,59,0,51,09354788
5399,7,21,53,0,45,96310786
5400,8,15,50,0,42,91472854
5401,7,12,44,0,36,45454693
5402,7,17,49,0,41,14698886
5403,6,28,57,1,45,89694501
5404,6,19,48,1,36,19667838
5405,8,16,51,0,43,97849666
5406,7,24,56,1,44,96554945
5407,8,23,58,0,50,61558844
5408,7,19,51,0,43,44857013
5409,8,14,49,0,41,38827420
5410,8,24,59,0,51,74414563
5411,5,28,54,0,46,68578745
5412,8,10,45,0,37,65786019
5413,7,13,45,0,37,08635399
5414,7,24,56,0,48,91547352
5415,8,16,51,0,43,57309535
5416,5,16,42,0,34,95830064
5417,5,13,39,0,31,66977766
5418,4,24,47,1,35,37840577
5419,7,24,56,0,48,08869063
5420,7,19,51,0,43,60650715
5421,8,24,59,0,51,65021737
5422,5,24,50,0,42,97814688
5423,7,20,52,0,44,11556757
5424,8,24,59,0,51,04982884
5425,5,31,57,2,41,55597377
5426,8,24,59,0,51,59717435
5427,7,19,51,0,43,46065775
5428,8,21,56,0,48,45699964
5429,7,17,49,0,41,14560419
5430,6,15,44,0,36,89572930
5431,8,24,59,1,47,99044313
5432,7,25,57,0,49,23369767
5433,8,18,53,0,45,84259665
5434,8,24,59,0,51,98427886
5435,7,27,59,0,51,14544205
5436,3,18,38,0,30,81894567
5437,6,26,55,0,47,13786980
5438,7,25,57,0,49,18959948
5439,6,17,46,0,38,16785162
5440,8,24,59,0,51,05957475
5441,7,18,50,0,42,76528577
5442,7,19,51,1,39,08385755
5443,5,13,39,0,31,16598629
5444,5,21,47,0,39,75190449
5445,8,17,52,0,44,46699209
5446,7,19,51,0,43,87097894
5447,8,24,59,0,51,09481279
5448,7,15,47,0,39,94685939
5449,8,24,59,0,51,05593786
5450,7,23,55,1,43,08590573
5451,6,23,52,0,44,28508107
5452,8,24,59,0,51,56176636
5453,7,16,48,1,36,67834648
5454,7,22,54,0,46,11809858
5455,8,19,54,0,46,49947676
5456,6,13,42,0,34,67743582
5457,6,22,51,0,43,48895627
5458,6,19,48,0,40,27452438
5459,7,27,59,0,51,15673974
5460,7,20,52,0,44,78524847
5461,8,13,48,0,40,28728263
5462,6,28,57,0,49,45509513
5463,7,26,58,1,46,65476580
5464,8,14,49,0,41,15075729
5465,6,18,47,0,39,35684573
5466,8,21,56,0,48,82451657
5467,7,10,42,0,34,70826532
5468,8,23,58,0,50,29276985
5469,7,27,59,0,51,76744754
5470,5,17,43,0,35,99564493
5471,7,17,49,1,37,53869675
5472,7,23,55,0,47,35788909
5473,8,24,59,0,51,71257976
5474,8,12,47,0,39,72174209
5475,7,19,51,0,43,83549097
5476,6,25,54,0,46,44058424
5477,5,14,40,0,32,46559350
5478,7,25,57,0,49,58966542
5479,4,22,45,0,37,91706899
5480,6,17,46,0,38,69741741
5481,5,19,45,0,37,38660959
5482,8,24,59,0,51,54971264
5483,7,26,58,0,50,38999369
5484,7,27,59,0,51,85344935
5485,8,24,59,1,47,53248996
5486,5,25,51,0,43,53605856
5487,6,27,56,1,44,79829749
5488,2,26,43,0,35,42873468
5489,8,18,53,0,45,70866771
5490,8,24,59,0,51,02969485
5491,7,27,59,0,51,62154597
5492,8,24,59,0,51,86559298
5493,6,29,58,0,50,54776680
5494,6,15,44,0,36,76505059
5495,7,20,52,1,40,79766675
5496,7,18,50,0,42,76387552
5497,8,24,59,0,51,77283406
5498,7,18,50,0,42,54634859
5499,8,19,54,0,46,84328286
5500,7,18,50,0,42,82404702
5501,8,24,59,1,47,56283238
5502,3,18,38,0,30,04019098
5503,7,27,59,1,47,29597778
5504,8,24,59,0,51,54979671
5505,4,16,39,0,31,61131442
5506,8,18,53,0,45,98371168
5507,7,27,59,0,51,19656438
5508,8,24,59,1,47,38287254
5509,7,22,54,0,46,76879769
5510,6,26,55,1,43,18741875
5511,7,27,59,0,51,12196961
5512,7,16,48,0,40,20603799
5513,8,13,48,0,40,42818231
5514,8,15,50,0,42,76982056
5515,7,25,57,0,49,26488333
5516,6,24,53,0,45,64413797
5517,6,25,54,0,46,54987710
5518,7,22,54,0,46,94732690
5519,6,14,43,0,35,44731230
5520,8,15,50,0,42,75438855
5521,7,26,58,0,50,48659186
5522,7,15,47,0,39,76196848
5523,6,27,56,0,48,46360427
5524,6,27,56,1,44,44984152
5525,8,18,53,0,45,24438865
5526,7,26,58,0,50,96375554
5527,8,12,47,1,35,19168534
5528,7,22,54,0,46,36759508
5529,8,15,50,0,42,45093612
5530,7,13,45,0,37,99674838
5531,5,10,36,0,28,65594982
5532,8,24,59,0,51,82677856
5533,7,25,57,0,49,95496020
5534,7,27,59,0,51,00160649
5535,8,21,56,0,48,96884980
5536,4,21,44,0,36,00841997
5537,6,29,58,0,50,60837185
5538,5,25,51,0,43,75769996
5539,7,22,54,0,46,51406710
5540,7,26,58,0,50,08178483
5541,8,19,54,0,46,42688545
5542,6,17,46,0,38,90135984
5543,7,12,44,0,36,88512705
5544,8,23,58,1,46,55245384
5545,6,21,50,0,42,83779855
5546,8,13,48,0,40,47554934
5547,7,13,45,0,37,62899553
5548,8,22,57,0,49,20723453
5549,7,25,57,0,49,22469449
5550,3,21,41,0,33,20585459
5551,6,24,53,0,45,78779989
5552,7,17,49,0,41,59254458
5553,8,24,59,0,51,90481552
5554,8,22,57,0,49,86426077
5555,7,16,48,0,40,31879696
5556,4,22,45,0,37,09692137
5557,4,17,40,0,32,24064495
5558,7,20,52,0,44,85573099
5559,5,25,51,0,43,59456560
5560,8,16,51,0,43,90268666
5561,7,24,56,0,48,04991906
5562,7,12,44,0,36,33027238
5563,2,24,41,0,33,29827482
5564,4,12,35,0,27,66274414
5565,8,19,54,0,46,14424368
5566,7,27,59,0,51,36845297
5567,8,23,58,0,50,25519988
5568,7,14,46,0,38,68785951
5569,8,24,59,0,51,55507468
5570,6,24,53,0,45,38979648
5571,6,21,50,0,42,48566917
5572,8,13,48,0,40,60741474
5573,7,15,47,0,39,96880964
5574,7,17,49,0,41,81208152
5575,8,16,51,0,43,54507673
5576,6,19,48,1,36,14769693
5577,5,24,50,0,42,68764914
5578,6,27,56,0,48,95016479
5579,7,23,55,0,47,48455442
5580,6,15,44,0,36,76934035
5581,5,14,40,1,28,48848788
5582,7,21,53,0,45,13920235
5583,8,10,45,0,37,08665677
5584,8,24,59,0,51,43855027
5585,7,17,49,0,41,72647119
5586,8,12,47,0,39,79939467
5587,6,17,46,0,38,07772991
5588,8,24,59,0,51,76158437
5589,6,24,53,0,45,94028559
5590,7,27,59,0,51,75983455
5591,8,16,51,0,43,38588611
5592,4,23,46,0,38,87743846
5593,8,16,51,0,43,85471669
5594,7,14,46,1,34,17949579
5595,3,30,50,0,42,86026676
5596,8,22,57,1,45,61744947
5597,7,26,58,0,50,85598878
5598,8,19,54,0,46,60185444
5599,7,23,55,0,47,84667641
5600,8,13,48,0,40,99770918
5601,7,22,54,0,46,97288600
5602,2,21,38,1,26,55886664
5603,6,25,54,1,42,54371391
5604,6,21,50,0,42,54658845
5605,7,24,56,0,48,77267992
5606,7,27,59,0,51,09497065
5607,8,16,51,0,43,96544087
5608,7,19,51,0,43,25670460
5609,8,19,54,0,46,19266182
5610,8,22,57,0,49,98838452
5611,3,24,44,0,36,49645798
5612,8,24,59,0,51,09976979
5613,7,17,49,0,41,15450066
5614,7,14,46,0,38,38846778
5615,8,21,56,1,44,84956062
5616,4,19,42,1,30,99972710
5617,7,22,54,0,46,28686544
5618,5,22,48,1,36,81789756
5619,6,23,52,0,44,66097406
5620,7,19,51,0,43,78747659
5621,8,14,49,0,41,82444545
5622,5,25,51,0,43,85989864
5623,5,17,43,0,35,78190065
5624,7,22,54,0,46,42901983
5625,4,24,47,0,39,89577844
5626,8,19,54,0,46,98588402
5627,7,13,45,0,37,80144383
5628,8,23,58,0,50,84623553
5629,7,22,54,0,46,85349017
5630,6,18,47,0,39,06390199
5631,8,24,59,2,43,92784533
5632,7,27,59,0,51,44804476
5633,8,24,59,1,47,70992203
5634,8,16,51,0,43,98824888
5635,7,17,49,1,37,65660736
5636,7,18,50,0,42,68406796
5637,6,18,47,0,39,65969133
5638,6,25,54,0,46,51615555
5639,6,14,43,0,35,81567467
5640,8,16,51,0,43,78610995
5641,7,17,49,0,41,84356899
5642,6,29,58,0,50,22999586
5643,3,24,44,0,36,99662184
5644,4,17,40,0,32,95287442
5645,8,19,54,1,42,58797687
5646,7,25,57,0,49,48347968
5647,8,24,59,0,51,92046643
5648,7,27,59,0,51,74177847
5649,8,21,56,1,44,86916891
5650,8,17,52,0,44,63298648
5651,6,29,58,0,50,76016146
5652,8,24,59,1,47,78988996
5653,7,16,48,0,40,62718079
5654,7,13,45,0,37,46038489
5655,8,24,59,0,51,81859541
5656,6,15,44,0,36,50140434
5657,7,20,52,0,44,34550066
5658,6,14,43,1,31,39425308
5659,5,13,39,1,27,94728741
5660,7,27,59,0,51,50551701
5661,8,23,58,1,46,94196696
5662,6,20,49,1,37,90070628
5663,6,20,49,0,41,64259697
5664,8,17,52,0,44,89964568
5665,6,17,46,1,34,01419854
5666,8,22,57,0,49,85868158
5667,7,17,49,1,37,62577634
5668,8,20,55,0,47,18771688
5669,7,27,59,0,51,64468640
5670,2,31,48,0,40,40153207
5671,8,22,57,0,49,95985601
5672,7,25,57,0,49,94241698
5673,8,19,54,0,46,08076044
5674,8,13,48,1,36,86688335
5675,7,25,57,0,49,34456788
5676,7,26,58,0,50,76069902
5677,4,17,40,1,28,97256152
5678,4,28,51,1,39,90959678
5679,5,11,37,1,25,08878806
5680,7,20,52,1,40,14828056
5681,4,23,46,0,38,60990575
5682,8,23,58,0,50,55958644
5683,7,19,51,0,43,96586658
5684,7,15,47,0,39,81000982
5685,8,24,59,0,51,40240934
5686,3,25,45,0,37,56585461
5687,8,12,47,0,39,67078714
5688,5,19,45,0,37,46586428
5689,7,11,43,0,35,40891047
5690,8,24,59,0,51,75557747
5691,7,16,48,1,36,84710989
5692,7,25,57,0,49,94230102
5693,6,30,59,0,51,80196946
5694,6,26,55,0,47,00729097
5695,6,13,42,0,34,69545334
5696,7,17,49,0,41,26824778
5697,8,19,54,0,46,49548356
5698,7,25,57,0,49,82602073
5699,8,23,58,1,46,64526214
5700,7,16,48,0,40,75754587
5701,8,24,59,0,51,58901907
5702,5,29,55,1,43,96854851
5703,6,19,48,0,40,19800644
5704,6,22,51,0,43,79007504
5705,5,30,56,0,48,48549587
5706,8,20,55,0,47,44048142
5707,7,12,44,0,36,44949776
5708,8,11,46,0,38,75575293
5709,7,16,48,0,40,09448495
5710,6,26,55,0,47,79565581
5711,8,24,59,0,51,76999830
5712,7,19,51,0,43,25468558
5713,8,17,52,0,44,76329655
5714,8,22,57,0,49,85668676
5715,7,23,55,0,47,50245642
5716,7,24,56,0,48,62948924
5717,6,27,56,0,48,08563470
5718,1,25,39,0,31,67904275
5719,6,20,49,0,41,97546897
5720,8,24,59,0,51,79014739
5721,7,21,53,0,45,71448067
5722,6,25,54,0,46,42813666
5723,6,19,48,0,40,26317734
5724,6,18,47,0,39,69860620
5725,6,22,51,1,39,08855691
5726,7,21,53,0,45,44049979
5727,8,24,59,0,51,51980394
5728,7,24,56,0,48,54540269
5729,8,10,45,0,37,64871593
5730,8,24,59,0,51,61290379
5731,5,18,44,0,36,84945186
5732,8,16,51,0,43,54774491
5733,7,16,48,0,40,74138755
5734,7,27,59,1,47,99462559
5735,8,17,52,0,44,90856659
5736,5,23,49,0,41,99700579
5737,7,15,47,0,39,64526484
5738,4,16,39,0,31,69234289
5739,5,25,51,0,43,54266982
5740,7,24,56,0,48,25979515
5741,8,23,58,0,50,72714208
5742,6,24,53,0,45,54648801
5743,5,29,55,0,47,64061985
5744,7,27,59,0,51,93494445
5745,6,18,47,0,39,15795866
5746,8,17,52,0,44,45625388
5747,7,14,46,1,34,76924721
5748,8,24,59,0,51,51952691
5749,7,17,49,1,37,95149385
5750,5,30,56,0,48,56653967
5751,8,24,59,0,51,32586706
5752,7,20,52,1,40,24418429
5753,8,24,59,0,51,83585757
5754,8,21,56,1,44,55808824
5755,7,27,59,0,51,35248497
5756,7,23,55,0,47,88350446
5757,5,26,52,0,44,93657791
5758,6,21,50,0,42,82673861
5759,4,15,38,0,30,86065855
5760,8,24,59,0,51,35038591
5761,7,25,57,0,49,58298424
5762,4,16,39,0,31,25440377
5763,5,25,51,0,43,82769900
5764,5,17,43,0,35,45738865
5765,7,17,49,0,41,90095651
5766,7,27,59,0,51,51991174
5767,8,24,59,1,47,94666183
5768,7,27,59,0,51,18609449
5769,8,12,47,1,35,52164754
5770,8,15,50,0,42,94699630
5771,6,22,51,0,43,37501468
5772,8,15,50,0,42,79054173
5773,7,26,58,0,50,87703969
5774,7,20,52,0,44,84438467
5775,8,22,57,0,49,62614574
5776,6,24,53,0,45,05365541
5777,7,15,47,0,39,81560819
5778,6,30,59,0,51,99890771
5779,6,18,47,0,39,73540595
5780,6,30,59,0,51,09249648
5781,7,24,56,0,48,63657907
5782,7,20,52,0,44,56480543
5783,8,16,51,0,43,89995340
5784,8,16,51,0,43,61599396
5785,7,26,58,0,50,49458511
5786,8,24,59,0,51,70550801
5787,6,19,48,0,40,70892749
5788,8,22,57,0,49,54458498
5789,6,18,47,0,39,21938519
5790,7,27,59,0,51,77444869
5791,8,18,53,0,45,26898772
5792,5,10,36,0,28,44554436
5793,8,21,56,0,48,64826078
5794,4,17,40,0,32,45468796
5795,5,21,47,0,39,67407467
5796,8,15,50,0,42,83692659
5797,7,25,57,0,49,99114754
5798,8,24,59,0,51,94941394
5799,7,14,46,0,38,68736696
5800,4,20,43,0,35,76474849
5801,2,21,38,0,30,92191409
5802,8,14,49,0,41,17353660
5803,7,18,50,0,42,58165500
5804,7,24,56,0,48,87475899
5805,8,17,52,0,44,57623154
5806,4,15,38,0,30,51503594
5807,8,16,51,0,43,59958237
5808,5,31,57,0,49,74742945
5809,8,19,54,0,46,44050267
5810,8,16,51,0,43,84280264
5811,7,26,58,0,50,46878891
5812,8,22,57,0,49,67624557
5813,6,14,43,0,35,08589665
5814,6,27,56,0,48,49380320
5815,7,20,52,0,44,14938168
5816,7,27,59,1,47,39171891
5817,8,12,47,0,39,82827449
5818,7,15,47,0,39,47970440
5819,8,23,58,0,50,54987288
5820,6,19,48,0,40,86638808
5821,5,21,47,1,35,66546464
5822,7,27,59,0,51,11840674
5823,8,13,48,0,40,93686469
5824,8,13,48,1,36,91627157
5825,7,25,57,2,41,77117496
5826,8,24,59,0,51,17387983
5827,6,17,46,0,38,75966560
5828,8,24,59,0,51,76786845
5829,6,28,57,1,45,94806929
5830,7,13,45,0,37,92975677
5831,8,24,59,0,51,10779273
5832,3,23,43,0,35,48453415
5833,8,13,48,1,36,54745253
5834,7,16,48,0,40,97242812
5835,4,16,39,0,31,62407795
5836,8,20,55,0,47,84466463
5837,7,14,46,0,38,87767577
5838,8,21,56,0,48,87733099
5839,7,15,47,0,39,05491627
5840,6,19,48,1,36,27496874
5841,6,30,59,0,51,74467601
5842,8,24,59,0,51,85597538
5843,7,13,45,0,37,88502155
5844,7,27,59,0,51,86440571
5845,8,22,57,0,49,59957573
5846,6,15,44,0,36,44348955
5847,8,24,59,0,51,87517924
5848,6,20,49,0,41,59122854
5849,8,14,49,1,37,39094066
5850,8,16,51,0,43,97609962
5851,7,24,56,0,48,98689544
5852,8,12,47,0,39,87149966
5853,7,18,50,0,42,93147439
5854,4,19,42,0,34,38957457
5855,7,23,55,0,47,90564466
5856,7,20,52,1,40,38469878
5857,8,24,59,0,51,25969268
5858,7,24,56,0,48,87611362
5859,8,11,46,0,38,59677534
5860,3,20,40,1,28,44760549
5861,6,19,48,0,40,62398746
5862,7,24,56,0,48,47596799
5863,8,17,52,0,44,17373843
5864,8,24,59,0,51,32827567
5865,7,11,43,0,35,34600418
5866,8,24,59,0,51,05693576
5867,4,14,37,0,29,54869448
5868,8,20,55,0,47,59539824
5869,5,28,54,0,46,36443676
5870,7,15,47,0,39,57768558
5871,8,24,59,0,51,26648438
5872,6,26,55,0,47,48624457
5873,8,24,59,1,47,78049152
5874,7,20,52,0,44,19285098
5875,6,14,43,0,35,73555915
5876,8,24,59,0,51,97618859
5877,7,12,44,0,36,06869892
5878,8,23,58,0,50,76055547
5879,7,25,57,0,49,99373493
5880,8,18,53,0,45,93836176
5881,7,21,53,1,41,04433433
5882,7,17,49,0,41,41482159
5883,6,17,46,0,38,91965894
5884,6,21,50,0,42,84439597
5885,8,24,59,0,51,28577571
5886,7,21,53,0,45,64884841
5887,8,24,59,0,51,67586017
5888,7,17,49,0,41,14621084
5889,8,24,59,0,51,48909490
5890,7,21,53,0,45,46525469
5891,4,21,44,0,36,14898843
5892,8,18,53,0,45,90869578
5893,7,20,52,0,44,69931777
5894,7,27,59,0,51,58891516
5895,8,22,57,1,45,27455685
5896,2,26,43,0,35,53542953
5897,6,17,46,1,34,46470567
5898,5,14,40,1,28,33383489
5899,7,27,59,0,51,18109204
5900,6,17,46,0,38,49682499
5901,6,29,58,0,50,96449209
5902,7,18,50,0,42,64367885
5903,8,13,48,0,40,89967594
5904,8,24,59,0,51,60056515
5905,7,24,56,0,48,99201570
5906,4,21,44,0,36,11830847
5907,6,28,57,0,49,66982685
5908,8,24,59,0,51,47787255
5909,6,21,50,0,42,64793725
5910,7,21,53,0,45,25954621
5911,8,14,49,0,41,23656548
5912,5,28,54,0,46,39472625
5913,8,16,51,0,43,22881782
5914,7,16,48,0,40,06739016
5915,5,15,41,1,29,98170122
5916,8,18,53,0,45,47504771
5917,7,21,53,0,45,46375395
5918,8,13,48,1,36,30688876
5919,7,21,53,0,45,68155059
5920,6,23,52,0,44,01509842
5921,5,14,40,0,32,12004996
5922,8,24,59,0,51,26443351
5923,7,21,53,1,41,65245997
5924,7,18,50,0,42,88954249
5925,8,11,46,0,38,64744560
5926,5,15,41,0,33,56692666
5927,5,20,46,1,34,98767305
5928,4,17,40,0,32,68686506
5929,8,24,59,0,51,27317688
5930,8,15,50,1,38,08335767
5931,7,25,57,0,49,59924190
5932,8,17,52,0,44,47475014
5933,6,13,42,0,34,89604197
5934,6,12,41,0,33,22672089
5935,7,21,53,0,45,97181636
5936,7,24,56,0,48,06555434
5937,8,14,49,0,41,76972318
5938,7,27,59,0,51,98523972
5939,8,24,59,0,51,89324854
5940,5,19,45,1,33,95288479
5941,5,17,43,0,35,46631043
5942,7,22,54,0,46,68559671
5943,8,24,59,0,51,94657748
5944,8,19,54,0,46,90863058
5945,7,26,58,0,50,67904783
5946,7,24,56,0,48,74169584
5947,5,28,54,1,42,76526472
5948,8,24,59,0,51,60686109
5949,4,13,36,0,28,46295706
5950,7,21,53,0,45,66626437
5951,8,24,59,0,51,66574598
5952,6,19,48,0,40,91558972
5953,8,16,51,0,43,37337094
5954,7,25,57,0,49,98907400
5955,6,14,43,0,35,49498499
5956,8,24,59,0,51,06873071
5957,7,23,55,1,43,99775381
5958,8,14,49,0,41,55975695
5959,7,23,55,1,43,89737696
5960,2,11,28,0,20,45495189
5961,6,24,53,0,45,58554147
5962,8,24,59,0,51,74132672
5963,7,13,45,0,37,06845861
5964,7,24,56,0,48,86250340
5965,8,22,57,0,49,86882776
5966,6,19,48,0,40,55051005
5967,7,19,51,0,43,65126530
5968,6,22,51,0,43,95258097
5969,8,21,56,0,48,48369387
5970,8,24,59,0,51,70796880
5971,7,22,54,0,46,03169321
5972,8,24,59,1,47,57574679
5973,5,27,53,0,45,33662746
5974,5,18,44,2,28,47755358
5975,7,17,49,0,41,80430593
5976,7,20,52,1,40,75590469
5977,8,17,52,0,44,37695597
5978,7,27,59,1,47,29394804
5979,8,20,55,1,43,49182485
5980,7,18,50,0,42,51277681
5981,8,24,59,1,47,52828257
5982,5,24,50,0,42,20919285
5983,7,14,46,0,38,74719504
5984,8,16,51,0,43,80858664
5985,5,23,49,0,41,49979256
5986,8,24,59,0,51,58430162
5987,7,18,50,0,42,53505475
5988,8,17,52,0,44,28455447
5989,7,16,48,1,36,47857930
5990,6,14,43,0,35,69994724
5991,8,24,59,0,51,49434534
5992,7,15,47,0,39,69950870
5993,8,21,56,1,44,49829592
5994,8,22,57,0,49,83599279
5995,7,27,59,0,51,95578447
5996,2,23,40,0,32,07905689
5997,6,16,45,0,37,25020997
5998,7,23,55,1,43,89683456
5999,6,18,47,0,39,72589967
6000,8,23,58,0,50,64837161
6001,7,18,50,0,42,08976526
6002,8,22,57,0,49,10548959
6003,8,24,59,0,51,97505754
6004,8,21,56,1,44,94623223
6005,7,27,59,0,51,99447764
6006,7,20,52,0,44,47299179
6007,8,24,59,1,47,44705446
6008,7,23,55,1,43,78981582
6009,3,16,36,0,28,88998487
6010,8,17,52,0,44,43811878
6011,8,21,56,1,44,71987574
6012,6,20,49,0,41,74943485
6013,6,23,52,2,36,08284874
6014,6,27,56,0,48,51983307
6015,7,23,55,0,47,92577683
6016,8,13,48,0,40,96485544
6017,7,11,43,0,35,84876883
6018,8,18,53,0,45,84936512
6019,8,19,54,0,46,97610084
6020,6,28,57,0,49,05473477
6021,8,22,57,0,49,85847788
6022,8,21,56,0,48,73760248
6023,8,24,59,0,51,36878685
6024,7,24,56,0,48,31788364
6025,8,22,57,1,45,18464685
6026,8,22,57,0,49,70469548
6027,6,16,45,1,33,86939469
6028,6,24,53,0,45,78784068
6029,5,28,54,1,42,48223967
6030,8,21,56,1,44,90704797
6031,8,24,59,1,47,87467567
6032,7,25,57,0,49,01485524
6033,5,22,48,0,40,83519863
6034,7,18,50,0,42,38718694
6035,7,20,52,1,40,81785999
6036,7,20,52,1,40,59759283
6037,8,19,54,0,46,21286498
6038,8,21,56,0,48,96959444
6039,8,24,59,0,51,04946838
6040,8,24,59,0,51,89446469
6041,6,26,55,0,47,98799650
6042,8,20,55,1,43,73283797
6043,8,24,59,0,51,09996656
6044,8,16,51,1,39,34839867
6045,8,24,59,0,51,49198992
6046,6,24,53,0,45,89959759
6047,6,26,55,0,47,50449852
6048,5,19,45,0,37,67007554
6049,8,15,50,0,42,84473361
6050,7,11,43,0,35,60859451
6051,8,15,50,0,42,25644586
6052,8,24,59,0,51,90866247
6053,7,17,49,0,41,88465576
6054,7,21,53,0,45,46344185
6055,5,20,46,0,38,81785495
6056,8,24,59,0,51,61756905
6057,6,18,47,0,39,90772760
6058,8,12,47,0,39,13087794
6059,8,17,52,0,44,70469554
6060,7,20,52,0,44,47142898
6061,8,20,55,0,47,70777501
6062,8,21,56,0,48,08524483
6063,8,24,59,0,51,99466998
6064,8,22,57,0,49,68597745
6065,8,16,51,0,43,75976065
6066,3,29,49,0,41,78107582
6067,7,21,53,1,41,72170067
6068,8,24,59,0,51,81747696
6069,7,16,48,0,40,67657686
6070,8,21,56,0,48,55786584
6071,7,17,49,1,37,65636775
6072,6,19,48,0,40,96752643
6073,8,20,55,0,47,32642962
6074,6,20,49,0,41,99478688
6075,6,30,59,0,51,67964140
6076,5,24,50,0,42,92825676
6077,8,23,58,0,50,64984784
6078,8,24,59,0,51,86934903
6079,8,24,59,0,51,72961224
6080,5,21,47,0,39,78589440
6081,8,11,46,0,38,74056370
6082,6,27,56,1,44,10109755
6083,6,23,52,0,44,34581916
6084,6,22,51,0,43,77779756
6085,5,16,42,0,34,45297659
6086,8,24,59,0,51,73407609
6087,8,15,50,0,42,09862478
6088,8,16,51,1,39,75227744
6089,8,18,53,0,45,42986472
6090,7,20,52,0,44,29718192
6091,7,20,52,0,44,67867196
6092,8,24,59,0,51,78177497
6093,8,19,54,0,46,27497469
6094,8,15,50,0,42,03710616
6095,8,12,47,0,39,60303672
6096,7,22,54,0,46,46849556
6097,8,18,53,0,45,97470781
6098,7,27,59,1,47,48736394
6099,7,18,50,0,42,65369088
6100,3,27,47,0,39,27476234
6101,8,12,47,0,39,49254097
6102,8,23,58,0,50,65570338
6103,8,23,58,0,50,20264695
6104,6,15,44,0,36,57815562
6105,8,14,49,0,41,49540652
6106,8,24,59,0,51,58149444
6107,5,13,39,0,31,23565377
6108,8,24,59,0,51,93186370
6109,6,25,54,0,46,47897569
6110,8,22,57,0,49,30317685
6111,7,22,54,0,46,96949281
6112,7,10,42,0,34,27557966
6113,8,24,59,0,51,36990759
6114,6,20,49,0,41,54917418
6115,7,21,53,0,45,80786756
6116,4,21,44,0,36,95898715
6117,8,24,59,0,51,35340544
6118,8,20,55,0,47,95274690
6119,8,22,57,0,49,11915994
6120,8,24,59,0,51,95689954
6121,7,23,55,0,47,64789932
6122,8,24,59,1,47,71263186
6123,8,22,57,0,49,47486003
6124,8,14,49,0,41,38545404
6125,5,29,55,0,47,13678444
6126,7,16,48,0,40,23614220
6127,8,24,59,0,51,75467771
6128,7,27,59,0,51,97650957
6129,8,19,54,0,46,66458667
6130,7,25,57,0,49,59567998
6131,8,17,52,0,44,88575054
6132,8,12,47,0,39,77807613
6133,4,21,44,0,36,68750897
6134,5,23,49,0,41,87982999
6135,4,26,49,0,41,37718295
6136,8,24,59,0,51,38472742
6137,6,30,59,0,51,03996994
6138,8,24,59,0,51,97589441
6139,8,17,52,0,44,87251448
6140,7,17,49,0,41,40490888
6141,8,24,59,0,51,05397795
6142,8,22,57,0,49,94058769
6143,8,24,59,0,51,57977749
6144,8,24,59,0,51,58327799
6145,8,16,51,1,39,05856449
6146,7,27,59,0,51,46244995
6147,7,21,53,0,45,84991347
6148,7,12,44,0,36,85276565
6149,7,27,59,0,51,08332484
6150,8,13,48,0,40,56477419
6151,8,23,58,0,50,69655012
6152,1,15,29,0,21,88847397
6153,5,30,56,0,48,65970149
6154,7,12,44,0,36,06880927
6155,5,29,55,0,47,89884594
6156,7,25,57,0,49,75318976
6157,8,24,59,0,51,58911330
6158,8,22,57,0,49,58379580
6159,8,24,59,0,51,89897036
6160,8,18,53,0,45,67873194
6161,4,11,34,1,22,98695804
6162,8,13,48,0,40,73593558
6163,8,22,57,0,49,88461580
6164,8,24,59,0,51,65344698
6165,8,19,54,0,46,76448640
6166,5,18,44,0,36,82973798
6167,7,16,48,0,40,98341547
6168,6,25,54,0,46,18655177
6169,7,14,46,1,34,87746886
6170,8,16,51,0,43,62645769
6171,8,24,59,0,51,86824288
6172,6,30,59,0,51,58659101
6173,7,25,57,0,49,65986845
6174,7,27,59,0,51,76177597
6175,7,10,42,0,34,88229901
6176,8,14,49,0,41,58444401
6177,7,14,46,0,38,28924946
6178,8,17,52,0,44,85315449
6179,8,15,50,1,38,21108948
6180,8,24,59,0,51,16294675
6181,7,16,48,0,40,14146858
6182,7,22,54,0,46,36984668
6183,7,12,44,0,36,08867369
6184,8,24,59,0,51,98289234
6185,7,27,59,0,51,42569517
6186,8,23,58,0,50,85994718
6187,8,15,50,0,42,54317643
6188,6,25,54,1,42,04318417
6189,8,23,58,0,50,74842096
6190,5,21,47,0,39,81682849
6191,6,15,44,1,32,51650288
6192,8,17,52,0,44,12694537
6193,7,18,50,0,42,33975686
6194,8,17,52,0,44,87929858
6195,8,18,53,0,45,47562570
6196,8,24,59,0,51,19784917
6197,3,16,36,0,28,35458416
6198,6,17,46,0,38,65503766
6199,6,30,59,0,51,19046215
6200,7,14,46,0,38,97547792
6201,7,15,47,0,39,78740448
6202,7,20,52,0,44,58955554
6203,8,24,59,0,51,78986747
6204,8,22,57,0,49,39898367
6205,5,16,42,0,34,78888814
6206,7,26,58,0,50,86580568
6207,8,24,59,0,51,75289741
6208,7,23,55,0,47,88279460
6209,7,12,44,0,36,56081196
6210,8,12,47,0,39,97411853
6211,8,23,58,1,46,64595874
6212,7,20,52,0,44,49648745
6213,3,21,41,1,29,64574687
6214,5,15,41,0,33,87286864
6215,8,23,58,0,50,77737247
6216,8,15,50,0,42,67519955
6217,8,24,59,0,51,43342967
6218,8,12,47,0,39,99802450
6219,6,17,46,0,38,53897216
6220,4,24,47,0,39,77004289
6221,7,14,46,0,38,44205276
6222,8,19,54,0,46,68445674
6223,7,12,44,0,36,64369870
6224,6,23,52,0,44,71780467
6225,8,19,54,0,46,97904657
6226,8,20,55,0,47,28909153
6227,5,22,48,0,40,66036979
6228,7,26,58,0,50,18474545
6229,6,15,44,0,36,73975387
6230,8,17,52,1,40,95480826
6231,8,19,54,0,46,94797994
6232,7,17,49,1,37,86517898
6233,7,24,56,0,48,51565824
6234,8,15,50,0,42,98862348
6235,7,20,52,1,40,80775864
6236,8,15,50,0,42,47729557
6237,8,21,56,0,48,90449302
6238,3,26,46,0,38,55707867
6239,8,19,54,1,42,56445845
6240,6,16,45,0,37,36995646
6241,1,26,40,0,32,44469507
6242,5,12,38,0,30,59114764
6243,8,21,56,1,44,75579429
6244,8,17,52,0,44,94694985
6245,8,20,55,0,47,23961467
6246,5,14,40,0,32,20917117
6247,7,21,53,0,45,60905006
6248,6,17,46,1,34,68661444
6249,8,23,58,0,50,07987756
6250,4,23,46,0,38,77475074
6251,8,10,45,0,37,74625949
6252,8,24,59,0,51,37966197
6253,7,14,46,1,34,06651270
6254,7,25,57,0,49,84297624
6255,8,22,57,1,45,98469662
6256,8,13,48,1,36,75379184
6257,8,14,49,0,41,56548946
6258,8,22,57,0,49,05147268
6259,7,16,48,1,36,15287742
6260,7,27,59,0,51,67855929
6261,5,14,40,0,32,67879847
6262,8,12,47,0,39,01871484
6263,6,12,41,0,33,73742565
6264,8,24,59,0,51,87046465
6265,8,20,55,0,47,95702855
6266,7,27,59,0,51,54392244
6267,7,14,46,1,34,59249088
6268,8,11,46,1,34,60751560
6269,7,24,56,0,48,61906486
6270,8,24,59,0,51,96959166
6271,6,27,56,0,48,88863189
6272,4,24,47,1,35,22499906
6273,8,18,53,0,45,66957551
6274,8,24,59,0,51,83096595
6275,5,19,45,0,37,97574444
6276,8,15,50,0,42,15097187
6277,8,18,53,0,45,96625253
6278,7,19,51,0,43,16899485
6279,8,24,59,0,51,72401864
6280,8,18,53,0,45,89995015
6281,8,16,51,0,43,46950420
6282,8,10,45,0,37,87037394
6283,5,14,40,0,32,41495642
6284,3,15,35,0,27,82086279
6285,8,22,57,0,49,48519995
6286,8,18,53,1,41,41958262
6287,6,27,56,0,48,75492384
6288,8,21,56,0,48,40977887
6289,4,25,48,0,40,84378268
6290,8,24,59,0,51,77640556
6291,7,17,49,0,41,44489544
6292,7,20,52,0,44,86895175
6293,8,22,57,0,49,07262068
6294,8,15,50,0,42,64924372
6295,6,25,54,0,46,54444879
6296,7,14,46,0,38,02018060
6297,5,27,53,0,45,53413777
6298,7,17,49,0,41,48467393
6299,8,17,52,0,44,28083057
6300,6,23,52,0,44,31384606
6301,3,18,38,0,30,51664832
6302,8,21,56,0,48,64349665
6303,6,21,50,0,42,24756087
6304,8,23,58,0,50,65885967
6305,8,22,57,0,49,47741259
6306,3,18,38,1,26,94334055
6307,6,18,47,0,39,52970559
6308,6,16,45,0,37,89863599
6309,5,20,46,0,38,81698397
6310,8,18,53,0,45,45973067
6311,8,17,52,0,44,57361477
6312,7,23,55,0,47,94167947
6313,7,26,58,1,46,35167410
6314,8,13,48,0,40,77906947
6315,7,22,54,0,46,09563974
6316,8,21,56,0,48,19176707
6317,8,11,46,0,38,47884224
6318,7,21,53,0,45,77462468
6319,8,19,54,0,46,39585094
6320,6,24,53,0,45,31500548
6321,7,17,49,1,37,85625780
6322,1,20,34,0,26,85654811
6323,8,18,53,0,45,77806229
6324,8,23,58,0,50,83136448
6325,8,24,59,0,51,94871975
6326,7,10,42,0,34,63756766
6327,6,13,42,0,34,48656796
6328,7,27,59,0,51,59965635
6329,4,24,47,0,39,43431745
6330,8,13,48,0,40,83942076
6331,8,10,45,0,37,92487855
6332,7,18,50,0,42,80568902
6333,6,24,53,1,41,56470976
6334,6,26,55,0,47,84493352
6335,8,10,45,0,37,25768718
6336,8,18,53,0,45,58760709
6337,8,12,47,0,39,95986738
6338,8,23,58,0,50,46571991
6339,7,23,55,0,47,46957308
6340,7,11,43,0,35,49456882
6341,7,12,44,0,36,23248403
6342,8,13,48,0,40,55478388
6343,7,22,54,0,46,04535168
6344,7,11,43,1,31,62494229
6345,8,24,59,0,51,75645815
6346,8,21,56,0,48,35598877
6347,7,27,59,0,51,09969398
6348,8,24,59,0,51,46519784
6349,7,15,47,0,39,56535568
6350,8,18,53,0,45,66406526
6351,6,28,57,0,49,16613875
6352,6,13,42,0,34,84194935
6353,8,15,50,0,42,57759590
6354,8,24,59,0,51,53459152
6355,6,11,40,0,32,01717160
6356,8,24,59,2,43,98958372
6357,8,20,55,0,47,46562689
6358,5,15,41,0,33,76877644
6359,8,24,59,0,51,65565568
6360,7,23,55,0,47,38147665
6361,6,17,46,1,34,96828745
6362,7,18,50,0,42,96684212
6363,8,16,51,0,43,85618796
6364,8,24,59,0,51,37597407
6365,7,24,56,0,48,35366977
6366,6,29,58,0,50,53706798
6367,8,16,51,0,43,67440991
6368,5,22,48,0,40,59546368
6369,8,12,47,1,35,54726709
6370,4,15,38,0,30,35623621
6371,8,13,48,0,40,87558134
6372,8,21,56,0,48,59974972
6373,7,12,44,1,32,88241774
6374,7,27,59,0,51,88615876
6375,8,24,59,0,51,26907157
6376,8,24,59,0,51,57599473
6377,8,21,56,0,48,04672809
6378,8,24,59,0,51,52610473
6379,6,27,56,0,48,79874671
6380,8,19,54,0,46,47182928
6381,8,24,59,0,51,48976684
6382,7,19,51,0,43,45183580
6383,8,22,57,0,49,08793565
6384,8,22,57,0,49,85409216
6385,7,21,53,0,45,51969644
6386,8,20,55,0,47,96916747
6387,8,20,55,0,47,61536215
6388,8,19,54,1,42,79867431
6389,8,22,57,0,49,11644703
6390,6,15,44,0,36,88159553
6391,7,20,52,0,44,89969057
6392,8,20,55,0,47,24085355
6393,6,30,59,0,51,86202657
6394,7,21,53,0,45,54784891
6395,8,24,59,0,51,58554553
6396,7,18,50,0,42,88775644
6397,6,19,48,1,36,58443768
6398,8,17,52,0,44,70472407
6399,4,23,46,0,38,46174746
6400,6,12,41,0,33,09411141
6401,5,22,48,0,40,90009547
6402,8,24,59,0,51,16048500
6403,8,24,59,0,51,41578568
6404,8,24,59,0,51,76588545
6405,7,24,56,0,48,98578172
6406,4,23,46,0,38,18668968
6407,7,10,42,0,34,48257956
6408,6,12,41,0,33,21454155
6409,8,24,59,0,51,29593979
6410,8,11,46,0,38,69636799
6411,8,16,51,0,43,95468157
6412,8,20,55,0,47,50996456
6413,7,23,55,1,43,07379779
6414,7,21,53,0,45,36104695
6415,7,24,56,0,48,79889669
6416,8,17,52,0,44,08641274
6417,8,21,56,0,48,84500181
6418,8,17,52,0,44,56022775
6419,8,18,53,1,41,97361468
6420,7,24,56,0,48,38084941
6421,2,13,30,0,22,07175579
6422,8,24,59,0,51,69381708
6423,8,21,56,0,48,45796330
6424,7,18,50,0,42,89572777
6425,8,24,59,0,51,85799623
6426,7,27,59,0,51,93440707
6427,7,17,49,0,41,49698572
6428,8,24,59,0,51,26932536
6429,7,26,58,0,50,15642521
6430,8,24,59,0,51,62655511
6431,8,15,50,1,38,42899182
6432,5,28,54,0,46,79420710
6433,8,20,55,0,47,22835938
6434,7,16,48,1,36,67764077
6435,3,23,43,0,35,92454785
6436,8,14,49,0,41,09161446
6437,8,24,59,0,51,94282945
6438,8,24,59,0,51,77719895
6439,8,15,50,1,38,68852196
6440,8,24,59,0,51,48671857
6441,7,26,58,0,50,77068425
6442,7,18,50,0,42,79877948
6443,8,24,59,0,51,14559538
6444,8,24,59,0,51,76532491
6445,6,18,47,1,35,96437325
6446,7,21,53,0,45,69767114
6447,5,29,55,0,47,84930060
6448,7,17,49,0,41,33191498
6449,8,20,55,0,47,48698495
6450,8,11,46,0,38,87680486
6451,8,22,57,0,49,45396850
6452,8,24,59,0,51,93787987
6453,5,19,45,0,37,74599851
6454,4,22,45,0,37,94822648
6455,8,22,57,0,49,85847195
6456,8,15,50,0,42,72308908
6457,4,21,44,0,36,11887402
6458,8,22,57,1,45,86777972
6459,6,21,50,0,42,54749694
6460,5,22,48,0,40,70478374
6461,8,24,59,0,51,03883671
6462,8,19,54,0,46,34838718
6463,7,23,55,0,47,39285377
6464,5,15,41,0,33,08681869
6465,8,17,52,0,44,93348787
6466,6,23,52,0,44,79676525
6467,2,26,43,1,31,61974189
6468,8,15,50,0,42,39484981
6469,6,20,49,0,41,46255565
6470,8,19,54,0,46,16493956
6471,8,22,57,1,45,57424754
6472,7,23,55,0,47,44822895
6473,8,16,51,0,43,42029936
6474,8,15,50,0,42,47778477
6475,7,19,51,0,43,57605762
6476,6,26,55,0,47,70889960
6477,8,19,54,0,46,58998921
6478,1,20,34,0,26,55047985
6479,8,24,59,0,51,47794228
6480,7,17,49,0,41,27777647
6481,8,13,48,0,40,49960646
6482,8,24,59,0,51,07675982
6483,7,13,45,0,37,44944198
6484,7,18,50,0,42,61005467
6485,8,24,59,2,43,67270006
6486,8,21,56,0,48,65808664
6487,8,24,59,1,47,75757974
6488,8,12,47,0,39,96459286
6489,7,14,46,0,38,42467510
6490,6,19,48,0,40,88577287
6491,4,24,47,0,39,74857426
6492,5,18,44,0,36,78636670
6493,8,21,56,1,44,37809435
6494,8,24,59,0,51,84591537
6495,8,18,53,0,45,42843677
6496,5,27,53,1,41,84463066
6497,1,14,28,0,20,65554289
6498,6,15,44,0,36,44431592
6499,8,23,58,0,50,75446892
6500,7,21,53,0,45,55942735
6501,8,23,58,0,50,75055445
6502,8,19,54,0,46,68168646
6503,8,24,59,0,51,88087164
6504,3,17,37,0,29,95311904
6505,8,21,56,0,48,00974339
6506,6,18,47,0,39,46632596
6507,7,27,59,0,51,44525461
6508,8,12,47,0,39,85284772
6509,7,18,50,0,42,46890931
6510,8,13,48,1,36,68194959
6511,8,24,59,1,47,28576698
6512,6,24,53,0,45,95288491
6513,8,24,59,0,51,74638364
6514,8,24,59,0,51,99876188
6515,6,13,42,0,34,76853986
6516,8,19,54,0,46,61920988
6517,8,13,48,0,40,58659406
6518,8,13,48,0,40,19653974
6519,8,22,57,1,45,99087417
6520,8,19,54,0,46,57677999
6521,6,14,43,0,35,27016878
6522,6,26,55,0,47,87476640
6523,8,15,50,0,42,76566405
6524,8,24,59,0,51,98211765
6525,6,20,49,0,41,19877247
6526,6,28,57,0,49,57998709
6527,1,16,30,0,22,56662739
6528,4,13,36,0,28,13105374
6529,8,22,57,0,49,76683227
6530,8,24,59,0,51,78379623
6531,8,24,59,0,51,17852087
6532,8,15,50,0,42,47899684
6533,7,18,50,0,42,77677971
6534,7,18,50,1,38,36899564
6535,5,25,51,1,39,49742497
6536,8,18,53,0,45,94797794
6537,8,13,48,0,40,75128003
6538,8,21,56,0,48,78946854
6539,8,24,59,0,51,31453877
6540,6,27,56,0,48,96346979
6541,6,13,42,0,34,16174774
6542,8,24,59,0,51,67892580
6543,7,25,57,0,49,76486665
6544,7,21,53,1,41,89815146
6545,8,19,54,0,46,73468778
6546,7,14,46,0,38,57761752
6547,6,18,47,1,35,63594694
6548,8,14,49,0,41,09095408
6549,3,30,50,0,42,40192351
6550,8,22,57,0,49,89807473
6551,8,13,48,0,40,47988677
6552,7,26,58,0,50,09385879
6553,8,22,57,0,49,99967119
6554,3,31,51,0,43,88612957
6555,7,27,59,0,51,41198306
6556,7,13,45,0,37,56619666
6557,8,13,48,0,40,71807728
6558,6,23,52,0,44,06844281
6559,8,20,55,0,47,49668884
6560,8,22,57,0,49,15844349
6561,7,24,56,0,48,75943484
6562,7,26,58,0,50,00485685
6563,8,24,59,0,51,07776814
6564,8,16,51,0,43,69726884
6565,7,20,52,0,44,61408353
6566,7,13,45,0,37,73551946
6567,7,19,51,1,39,99464567
6568,7,22,54,0,46,13668868
6569,8,24,59,0,51,85985198
6570,8,22,57,0,49,08264097
6571,8,24,59,0,51,87129718
6572,8,24,59,0,51,67576657
6573,6,21,50,0,42,53114098
6574,6,27,56,0,48,17296773
6575,6,26,55,0,47,15968338
6576,8,13,48,1,36,70687401
6577,8,24,59,1,47,73829129
6578,8,24,59,0,51,51161459
6579,7,25,57,0,49,93360584
6580,8,24,59,0,51,51894875
6581,3,22,42,0,34,06970996
6582,6,18,47,0,39,73478868
6583,8,15,50,0,42,94574645
6584,8,15,50,0,42,78885142
6585,6,26,55,0,47,41499776
6586,8,12,47,1,35,96502624
6587,8,24,59,0,51,10727742
6588,5,13,39,0,31,88564594
6589,8,17,52,0,44,23876597
6590,7,16,48,1,36,52959695
6591,7,21,53,0,45,25249739
6592,8,22,57,0,49,96754808
6593,7,17,49,0,41,72751328
6594,7,24,56,0,48,74952558
6595,8,18,53,1,41,71818106
6596,8,22,57,0,49,67994948
6597,7,21,53,0,45,74784739
6598,8,13,48,0,40,12955762
6599,7,22,54,0,46,29974755
6600,8,11,46,0,38,27561649
6601,6,24,53,1,41,56569232
6602,5,21,47,0,39,44615851
6603,8,17,52,1,40,32959143
6604,8,24,59,0,51,07972348
6605,8,24,59,0,51,79425285
6606,6,22,51,0,43,76321989
6607,8,12,47,0,39,48695826
6608,2,19,36,0,28,84584951
6609,4,27,50,0,42,99197585
6610,7,12,44,0,36,17549864
6611,8,12,47,0,39,83107967
6612,7,27,59,0,51,56936364
6613,7,15,47,0,39,82542345
6614,7,27,59,0,51,79869987
6615,8,19,54,0,46,80257975
6616,8,11,46,0,38,67600065
6617,7,22,54,0,46,96530591
6618,8,24,59,0,51,81489563
6619,7,22,54,0,46,97805831
6620,7,23,55,0,47,48894274
6621,8,23,58,0,50,79607947
6622,8,19,54,1,42,72122348
6623,6,28,57,0,49,45291742
6624,8,18,53,0,45,98766098
6625,8,18,53,0,45,84764373
6626,8,24,59,0,51,29015046
6627,7,15,47,0,39,28478155
6628,6,17,46,0,38,77724974
6629,7,20,52,0,44,62949462
6630,8,24,59,0,51,84327897
6631,7,13,45,0,37,88431746
6632,6,24,53,0,45,69755629
6633,7,16,48,0,40,95298277
6634,8,20,55,0,47,78929846
6635,6,28,57,0,49,91959949
6636,7,12,44,0,36,48845786
6637,8,24,59,0,51,74771254
6638,7,23,55,0,47,66963548
6639,8,11,46,0,38,52438970
6640,7,16,48,0,40,61864064
6641,7,27,59,0,51,92600792
6642,8,24,59,0,51,94980287
6643,8,16,51,0,43,74957794
6644,8,17,52,0,44,97501055
6645,8,17,52,0,44,43771684
6646,7,17,49,0,41,18474285
6647,8,14,49,0,41,11309361
6648,7,27,59,0,51,26900197
6649,7,27,59,0,51,57888857
6650,5,29,55,0,47,43078867
6651,8,18,53,0,45,48842845
6652,6,30,59,0,51,25192643
6653,6,15,44,0,36,67474694
6654,6,23,52,0,44,59165887
6655,6,27,56,0,48,56355540
6656,8,22,57,0,49,90041152
6657,8,22,57,0,49,78947512
6658,8,15,50,0,42,44849658
6659,8,19,54,0,46,71752447
6660,6,11,40,0,32,89347939
6661,7,17,49,1,37,45793876
6662,8,21,56,0,48,77784445
6663,8,20,55,0,47,77688470
6664,8,24,59,0,51,58750958
6665,8,21,56,0,48,47650106
6666,8,16,51,0,43,34442545
6667,6,27,56,0,48,68592046
6668,7,18,50,0,42,12245719
6669,4,24,47,0,39,79767464
6670,8,20,55,0,47,47555257
6671,6,26,55,0,47,87683899
6672,7,11,43,0,35,99167788
6673,5,25,51,0,43,95992154
6674,5,23,49,0,41,59615885
6675,7,20,52,0,44,56461315
6676,8,24,59,0,51,76943598
6677,8,24,59,0,51,94873688
6678,8,18,53,0,45,99836096
6679,8,23,58,0,50,85898003
6680,6,13,42,0,34,65545684
6681,8,20,55,0,47,65847991
6682,8,17,52,0,44,45593147
6683,7,15,47,0,39,84096689
6684,7,15,47,0,39,69457190
6685,5,30,56,0,48,49705981
6686,8,24,59,0,51,75078292
6687,6,15,44,0,36,64749526
6688,8,16,51,0,43,56822999
6689,8,20,55,1,43,55487903
6690,8,24,59,0,51,73994847
6691,6,20,49,0,41,77790245
6692,8,16,51,1,39,19566464
6693,8,13,48,0,40,47498865
6694,8,24,59,0,51,08313414
6695,8,23,58,0,50,05541949
6696,6,26,55,0,47,68907949
6697,7,14,46,0,38,57635951
6698,5,23,49,0,41,83795798
6699,8,24,59,1,47,99315967
6700,7,16,48,0,40,56874724
6701,7,13,45,0,37,21964729
6702,8,23,58,0,50,70546960
6703,8,16,51,0,43,17357553
6704,8,18,53,0,45,92500816
6705,8,24,59,0,51,07402635
6706,8,24,59,0,51,34164787
6707,7,12,44,1,32,92851588
6708,7,19,51,0,43,48047879
6709,7,19,51,1,39,95177355
6710,8,20,55,1,43,85620466
6711,6,17,46,0,38,84686868
6712,5,29,55,0,47,70163417
6713,4,17,40,0,32,77849851
6714,8,19,54,0,46,46250450
6715,4,19,42,0,34,70954775
6716,7,23,55,0,47,97781667
6717,8,19,54,0,46,36462268
6718,8,15,50,0,42,70007746
6719,8,23,58,0,50,44919380
6720,8,22,57,0,49,19857748
6721,5,20,46,0,38,81629778
6722,8,23,58,0,50,06187783
6723,8,24,59,0,51,61744094
6724,8,24,59,0,51,86936485
6725,8,24,59,0,51,02319945
6726,3,31,51,0,43,44275162
6727,8,24,59,0,51,62353523
6728,6,22,51,0,43,90567967
6729,7,27,59,0,51,03654187
6730,4,25,48,0,40,64559907
6731,8,24,59,0,51,85765867
6732,6,16,45,1,33,46711656
6733,7,14,46,0,38,85399242
6734,7,27,59,0,51,58975539
6735,8,24,59,0,51,07558082
6736,8,22,57,0,49,65958026
6737,8,18,53,0,45,68117227
6738,8,19,54,0,46,08584497
6739,8,24,59,0,51,09082654
6740,5,24,50,1,38,52652587
6741,6,10,39,0,31,48095634
6742,8,24,59,1,47,66826874
6743,8,18,53,1,41,73090585
6744,8,24,59,0,51,77563747
6745,8,17,52,0,44,66326074
6746,8,17,52,0,44,84264284
6747,4,30,53,0,45,97887316
6748,6,21,50,0,42,77937778
6749,6,15,44,0,36,36051835
6750,8,24,59,0,51,38499671
6751,7,27,59,0,51,81864074
6752,7,16,48,0,40,98737786
6753,7,27,59,0,51,68965447
6754,8,19,54,0,46,51599767
6755,7,18,50,0,42,97363071
6756,8,20,55,1,43,85962250
6757,8,22,57,0,49,62161804
6758,7,16,48,0,40,97197906
6759,8,19,54,0,46,49196676
6760,7,18,50,0,42,52467777
6761,7,15,47,0,39,46895378
6762,5,21,47,0,39,14248834
6763,8,24,59,0,51,85975366
6764,8,24,59,0,51,35937487
6765,8,21,56,0,48,33903630
6766,7,24,56,0,48,54750475
6767,8,24,59,1,47,84215714
6768,7,26,58,0,50,14709863
6769,5,14,40,0,32,87988857
6770,7,25,57,0,49,75600586
6771,8,22,57,0,49,09652699
6772,7,27,59,0,51,61839786
6773,5,20,46,0,38,53694506
6774,2,11,28,1,16,34225993
6775,7,27,59,0,51,69245392
6776,8,21,56,0,48,75448785
6777,6,18,47,0,39,12293681
6778,8,19,54,0,46,62147413
6779,4,25,48,0,40,98605508
6780,8,24,59,0,51,49559719
6781,8,23,58,1,46,52778445
6782,4,25,48,1,36,38064033
6783,6,22,51,0,43,36854845
6784,7,14,46,0,38,37729678
6785,5,27,53,1,41,84842636
6786,7,27,59,0,51,97327327
6787,8,24,59,0,51,55047879
6788,8,24,59,0,51,38568846
6789,8,24,59,0,51,89785563
6790,7,22,54,0,46,96945384
6791,8,18,53,0,45,96540416
6792,8,24,59,0,51,43396731
6793,8,24,59,0,51,87058610
6794,8,24,59,0,51,51546460
6795,8,24,59,1,47,84034981
6796,7,15,47,1,35,44035056
6797,7,21,53,0,45,93078436
6798,7,20,52,0,44,51544066
6799,7,20,52,0,44,64489988
6800,7,20,52,0,44,79065247
6801,8,12,47,0,39,71648069
6802,8,12,47,1,35,57519679
6803,7,21,53,0,45,38654509
6804,7,22,54,0,46,75215657
6805,8,24,59,0,51,86473536
6806,8,20,55,0,47,49413806
6807,8,17,52,0,44,24599523
6808,8,24,59,0,51,86412589
6809,6,14,43,1,31,99917444
6810,7,18,50,0,42,40655716
6811,6,21,50,0,42,91245558
6812,7,15,47,0,39,28780943
6813,8,18,53,0,45,17459797
6814,8,11,46,0,38,50104295
6815,5,17,43,1,31,95450349
6816,6,16,45,1,33,19539628
6817,8,24,59,2,43,05945405
6818,4,13,36,0,28,79914628
6819,8,18,53,1,41,93843438
6820,8,19,54,0,46,05587746
6821,7,24,56,0,48,42887585
6822,6,13,42,0,34,80777835
6823,8,14,49,0,41,60067953
6824,8,16,51,0,43,57979997
6825,6,18,47,0,39,98816489
6826,8,24,59,0,51,73448586
6827,8,19,54,0,46,94839477
6828,5,30,56,1,44,34867274
6829,8,18,53,1,41,51220082
6830,7,14,46,0,38,08379048
6831,7,24,56,0,48,17033855
6832,8,18,53,0,45,25477521
6833,7,23,55,1,43,76529678
6834,6,28,57,0,49,82839646
6835,8,21,56,0,48,57498764
6836,8,24,59,0,51,78437289
6837,7,27,59,0,51,80578047
6838,8,20,55,0,47,74376588
6839,7,18,50,1,38,45981851
6840,8,18,53,0,45,27050759
6841,8,24,59,0,51,49866128
6842,6,30,59,0,51,78448695
6843,6,24,53,0,45,86353827
6844,6,30,59,1,47,00778777
6845,8,23,58,0,50,65965454
6846,8,23,58,0,50,86967329
6847,8,23,58,0,50,70160772
6848,8,24,59,0,51,65739264
6849,7,22,54,0,46,67494817
6850,6,19,48,0,40,89626189
6851,7,24,56,0,48,83222743
6852,4,15,38,0,30,80154075
6853,8,24,59,0,51,74256640
6854,8,14,49,0,41,65698594
6855,8,24,59,1,47,16075698
6856,7,24,56,1,44,44697254
6857,7,17,49,0,41,71583866
6858,7,17,49,0,41,25042459
6859,7,23,55,0,47,98742208
6860,8,23,58,0,50,88758995
6861,8,24,59,0,51,81509840
6862,7,27,59,0,51,21582267
6863,5,25,51,1,39,64984476
6864,8,15,50,0,42,85414688
6865,7,17,49,1,37,68584559
6866,8,11,46,0,38,71817078
6867,8,21,56,0,48,60549155
6868,7,14,46,1,34,19957797
6869,8,23,58,0,50,69746995
6870,6,18,47,0,39,48964958
6871,4,20,43,0,35,43453369
6872,8,19,54,0,46,86539256
6873,6,15,44,0,36,64786356
6874,8,24,59,1,47,76659504
6875,8,23,58,0,50,44869287
6876,7,25,57,0,49,46755485
6877,6,16,45,0,37,29195757
6878,7,25,57,0,49,83157284
6879,2,10,27,0,19,18654169
6880,7,25,57,0,49,43575165
6881,6,10,39,0,31,42454943
6882,5,17,43,0,35,78897488
6883,8,15,50,0,42,50669355
6884,8,13,48,1,36,98873777
6885,6,26,55,0,47,57206499
6886,6,26,55,0,47,44695951
6887,4,14,37,0,29,89055265
6888,5,16,42,0,34,65277661
6889,8,22,57,1,45,96073483
6890,8,24,59,0,51,82433869
6891,8,24,59,0,51,78901096
6892,8,24,59,0,51,23199068
6893,7,22,54,0,46,15239249
6894,7,23,55,1,43,69584106
6895,7,27,59,0,51,14848466
6896,8,19,54,0,46,47964507
6897,6,17,46,0,38,06501088
6898,8,24,59,0,51,57326160
6899,7,20,52,1,40,97746526
6900,8,12,47,1,35,67935494
6901,8,15,50,0,42,06358083
6902,5,17,43,0,35,03819899
6903,7,19,51,0,43,26740026
6904,8,17,52,0,44,55614308
6905,2,21,38,1,26,74708546
6906,8,24,59,0,51,45769734
6907,8,24,59,0,51,15174839
6908,7,21,53,0,45,13926645
6909,8,24,59,0,51,15818799
6910,7,15,47,0,39,38786398
6911,5,13,39,0,31,47361622
6912,8,17,52,0,44,16549744
6913,6,22,51,0,43,99855454
6914,6,19,48,0,40,79557357
6915,8,24,59,0,51,42956459
6916,8,21,56,0,48,78944854
6917,7,19,51,0,43,02217779
6918,7,12,44,0,36,56394746
6919,7,27,59,0,51,99717698
6920,8,24,59,0,51,76580725
6921,8,24,59,0,51,17885827
6922,7,22,54,0,46,76124794
6923,7,27,59,0,51,55417241
6924,7,15,47,1,35,25315876
6925,8,21,56,0,48,73849764
6926,8,24,59,0,51,65939535
6927,8,24,59,0,51,83299117
6928,8,24,59,0,51,82789097
6929,7,17,49,0,41,64085904
6930,6,23,52,0,44,94388245
6931,5,14,40,0,32,96444638
6932,5,24,50,0,42,14055907
6933,8,19,54,0,46,36609244
6934,8,22,57,0,49,85093784
6935,4,28,51,0,43,36478624
6936,4,23,46,0,38,67263240
6937,8,24,59,0,51,44698744
6938,6,18,47,0,39,49998581
6939,7,14,46,1,34,64486180
6940,8,17,52,0,44,01484676
6941,6,25,54,0,46,02324214
6942,7,11,43,0,35,91416254
6943,8,23,58,1,46,58293283
6944,8,20,55,0,47,62560907
6945,7,27,59,0,51,88046920
6946,8,18,53,0,45,72837069
6947,8,24,59,1,47,52668515
6948,4,28,51,0,43,03929501
6949,8,22,57,0,49,04879183
6950,5,26,52,0,44,49849357
6951,7,26,58,2,42,76752273
6952,8,24,59,1,47,17893439
6953,7,27,59,0,51,09435482
6954,8,24,59,0,51,91716478
6955,8,24,59,0,51,44069755
6956,7,11,43,0,35,45941545
6957,3,26,46,0,38,99861772
6958,8,10,45,0,37,86485409
6959,6,17,46,0,38,98079596
6960,5,28,54,2,38,82919863
6961,8,23,58,0,50,97153749
6962,8,15,50,0,42,80057860
6963,5,19,45,0,37,45690759
6964,4,19,42,0,34,04724614
6965,8,16,51,0,43,87733306
6966,8,18,53,0,45,89885058
6967,8,21,56,0,48,56475685
6968,8,22,57,0,49,30659594
6969,6,30,59,0,51,57689816
6970,7,22,54,0,46,36416585
6971,7,18,50,0,42,18808993
6972,7,24,56,0,48,89957006
6973,8,21,56,1,44,49860402
6974,8,24,59,0,51,77171460
6975,8,24,59,0,51,99675005
6976,7,21,53,0,45,47469566
6977,7,23,55,1,43,92892254
6978,7,27,59,0,51,56823626
6979,8,15,50,0,42,76795930
6980,7,20,52,0,44,45451986
6981,7,23,55,0,47,79803468
6982,8,21,56,0,48,64896121
6983,8,22,57,0,49,90695144
6984,7,24,56,0,48,50997116
6985,8,21,56,0,48,78057389
6986,7,27,59,0,51,84198652
6987,7,22,54,0,46,29126716
6988,8,19,54,0,46,08965886
6989,7,15,47,0,39,55639319
6990,8,16,51,0,43,73951985
6991,8,11,46,0,38,59042559
6992,1,14,28,0,20,44893968
6993,8,12,47,0,39,61085290
6994,6,28,57,0,49,55924399
6995,5,25,51,1,39,54896598
6996,8,17,52,0,44,68492163
6997,8,17,52,0,44,75529404
6998,8,13,48,1,36,47785781
6999,8,24,59,0,51,63851880
7000,4,21,44,0,36,63148048
7001,8,22,57,2,41,34012717
7002,8,21,56,0,48,59971549
7003,7,27,59,0,51,87648984
7004,8,22,57,0,49,35464571
7005,8,23,58,1,46,39045779
7006,8,24,59,0,51,55975665
7007,8,15,50,0,42,49757564
7008,8,16,51,0,43,47696812
7009,7,24,56,1,44,48500402
7010,6,24,53,1,41,42878765
7011,8,24,59,1,47,82828746
7012,2,29,46,1,34,85894255
7013,8,16,51,0,43,34933648
7014,8,22,57,0,49,53665255
7015,8,23,58,0,50,11856996
7016,5,18,44,0,36,55574733
7017,4,21,44,0,36,79444912
7018,6,25,54,0,46,73803226
7019,7,11,43,0,35,09648596
7020,8,17,52,0,44,05560377
7021,7,25,57,1,45,35648892
7022,6,18,47,0,39,45844961
7023,6,16,45,0,37,79188857
7024,5,23,49,1,37,61182284
7025,8,22,57,0,49,63755234
7026,8,24,59,0,51,48656255
7027,8,24,59,0,51,15465187
7028,6,24,53,0,45,34414145
7029,8,24,59,0,51,69147428
7030,7,27,59,0,51,87677467
7031,8,17,52,0,44,97458856
7032,8,16,51,0,43,64487573
7033,7,11,43,1,31,68567607
7034,8,17,52,0,44,62704316
7035,7,25,57,0,49,56635517
7036,8,24,59,0,51,78559117
7037,8,21,56,0,48,58747064
7038,8,18,53,0,45,00746519
7039,7,21,53,0,45,85373591
7040,8,24,59,1,47,17503349
7041,2,28,45,0,37,56495667
7042,6,18,47,0,39,54766535
7043,8,21,56,1,44,55634223
7044,7,23,55,1,43,29586477
7045,2,16,33,0,25,16690355
7046,5,22,48,1,36,67665715
7047,8,13,48,0,40,80594580
7048,7,20,52,1,40,75958187
7049,8,16,51,0,43,85267466
7050,8,13,48,0,40,49584805
7051,6,20,49,0,41,23857943
7052,7,25,57,0,49,76884887
7053,8,20,55,1,43,56980096
7054,8,22,57,0,49,16543787
7055,7,18,50,0,42,60869445
7056,8,24,59,0,51,46812877
7057,8,16,51,0,43,05945824
7058,2,15,32,0,24,74352470
7059,8,24,59,0,51,26172945
7060,7,22,54,0,46,40828564
7061,8,23,58,0,50,64264619
7062,7,18,50,0,42,06507679
7063,8,24,59,0,51,32218485
7064,8,19,54,0,46,17577568
7065,5,22,48,0,40,54545235
7066,8,24,59,0,51,06100885
7067,7,25,57,0,49,40591164
7068,8,24,59,0,51,80855102
7069,8,24,59,0,51,86215365
7070,7,19,51,0,43,89671748
7071,6,27,56,0,48,62968339
7072,8,23,58,0,50,66179472
7073,4,15,38,0,30,88217335
7074,6,17,46,0,38,42178201
7075,7,19,51,0,43,59841356
7076,5,17,43,0,35,86888633
7077,7,21,53,0,45,45826887
7078,7,16,48,0,40,53386017
7079,8,24,59,0,51,07954872
7080,4,16,39,0,31,89821626
7081,7,21,53,0,45,05774048
7082,7,16,48,0,40,79646722
7083,8,24,59,0,51,24390877
7084,8,20,55,0,47,70854179
7085,4,23,46,0,38,59579372
7086,8,24,59,1,47,10989807
7087,6,20,49,0,41,66840754
7088,8,24,59,0,51,40733652
7089,7,19,51,1,39,15263389
7090,8,21,56,1,44,40541144
7091,7,22,54,0,46,30599527
7092,8,21,56,0,48,03967745
7093,5,14,40,1,28,54678734
7094,7,25,57,0,49,93114146
7095,8,24,59,0,51,79802099
7096,7,17,49,0,41,98996912
7097,8,16,51,0,43,84969815
7098,2,25,42,0,34,46929434
7099,6,21,50,0,42,68855484
7100,7,26,58,0,50,19854637
7101,8,24,59,1,47,73767731
7102,8,13,48,0,40,98592684
7103,7,19,51,0,43,17569046
7104,7,27,59,0,51,36798368
7105,6,15,44,0,36,19998651
7106,8,21,56,0,48,98787507
7107,7,25,57,0,49,22466771
7108,8,24,59,0,51,09854804
7109,4,15,38,0,30,24962422
7110,6,26,55,0,47,56777154
7111,8,24,59,0,51,68796896
7112,7,19,51,0,43,25740736
7113,8,24,59,0,51,39866968
7114,8,11,46,0,38,82323652
7115,6,15,44,0,36,83499700
7116,8,24,59,0,51,68842653
7117,5,18,44,0,36,82787787
7118,8,24,59,0,51,76800704
7119,7,21,53,0,45,60701492
7120,8,21,56,1,44,07404519
7121,8,24,59,0,51,98354649
7122,8,24,59,0,51,78080552
7123,8,14,49,0,41,63546446
7124,7,15,47,0,39,21994677
7125,8,24,59,0,51,49585888
7126,6,19,48,0,40,26176169
7127,8,17,52,0,44,96444077
7128,7,16,48,0,40,35660208
7129,8,15,50,1,38,98829696
7130,7,26,58,0,50,59714491
7131,7,22,54,0,46,40859645
7132,8,23,58,0,50,80217529
7133,6,14,43,1,31,64745619
7134,8,24,59,0,51,97194959
7135,8,20,55,0,47,84261474
7136,7,15,47,0,39,45636765
7137,7,21,53,0,45,78839757
7138,4,23,46,0,38,73755966
7139,2,18,35,1,23,55634844
7140,7,16,48,0,40,63561765
7141,7,27,59,0,51,95866191
7142,6,20,49,1,37,54860456
7143,8,20,55,0,47,74586765
7144,8,20,55,0,47,89138702
7145,8,20,55,0,47,56318576
7146,8,24,59,1,47,43584594
7147,8,22,57,0,49,38656876
7148,5,16,42,0,34,22489774
7149,6,25,54,2,38,87418849
7150,8,19,54,0,46,78243433
7151,7,14,46,0,38,79421591
7152,8,24,59,0,51,95932570
7153,4,24,47,0,39,27295798
7154,8,24,59,0,51,48916745
7155,8,10,45,0,37,76289728
7156,7,26,58,1,46,72467972
7157,4,24,47,0,39,77472612
7158,5,26,52,2,36,97885968
7159,5,14,40,0,32,73931684
7160,6,16,45,0,37,32566945
7161,4,16,39,0,31,36769533
7162,7,21,53,0,45,44885295
7163,7,14,46,1,34,93395749
7164,8,20,55,0,47,99861512
7165,7,27,59,1,47,54077469
7166,8,21,56,0,48,75519947
7167,8,21,56,0,48,78916199
7168,7,25,57,0,49,85554848
7169,8,21,56,0,48,54194942
7170,8,18,53,0,45,08761919
7171,8,18,53,0,45,64756694
7172,3,15,35,0,27,33965975
7173,8,18,53,1,41,49740886
7174,8,11,46,0,38,94809406
7175,8,24,59,0,51,39974495
7176,5,22,48,0,40,79464047
7177,8,24,59,0,51,40498759
7178,8,15,50,0,42,99384355
7179,8,19,54,0,46,79465441
7180,6,20,49,1,37,94771597
7181,8,22,57,0,49,28093589
7182,6,18,47,1,35,19798605
7183,7,19,51,0,43,69699864
7184,7,27,59,0,51,78706598
7185,7,16,48,0,40,15589274
7186,8,24,59,0,51,14745994
7187,8,16,51,0,43,30459089
7188,8,24,59,1,47,71129655
7189,5,21,47,0,39,76654574
7190,8,23,58,0,50,59898389
7191,8,24,59,0,51,69380811
7192,8,24,59,0,51,86374565
7193,7,10,42,1,30,49654785
7194,7,20,52,0,44,55956069
7195,8,23,58,0,50,45765945
7196,6,22,51,1,39,48400274
7197,8,22,57,0,49,41479652
7198,8,22,57,1,45,69326188
7199,7,15,47,0,39,66950485
7200,7,27,59,0,51,86871886
7201,7,25,57,0,49,07227553
7202,8,23,58,0,50,89108640
7203,3,10,30,0,22,45443345
7204,8,16,51,0,43,65565348
7205,8,16,51,1,39,91701703
7206,8,18,53,0,45,14475997
7207,7,16,48,0,40,59647680
7208,6,27,56,1,44,89545373
7209,6,28,57,0,49,58371487
7210,7,10,42,0,34,94675197
7211,8,23,58,0,50,99489498
7212,8,24,59,0,51,78978026
7213,8,17,52,0,44,11869557
7214,8,10,45,0,37,87662178
7215,7,27,59,0,51,98249769
7216,8,16,51,0,43,68905759
7217,7,15,47,0,39,27165266
7218,8,17,52,0,44,35959447
7219,5,19,45,0,37,60141377
7220,6,21,50,0,42,78664442
7221,5,15,41,0,33,87548670
7222,8,13,48,0,40,12567780
7223,7,27,59,0,51,99476491
7224,7,20,52,0,44,49507845
7225,8,24,59,0,51,87735659
7226,6,19,48,0,40,76978255
7227,7,23,55,1,43,47856899
7228,7,21,53,1,41,39814519
7229,7,25,57,0,49,08929381
7230,8,22,57,1,45,82769454
7231,8,19,54,0,46,55467645
7232,8,21,56,0,48,78569548
7233,8,21,56,0,48,48246436
7234,5,20,46,0,38,49845083
7235,7,16,48,1,36,05069692
7236,8,22,57,0,49,34780870
7237,8,15,50,0,42,52704758
7238,8,19,54,0,46,92360438
7239,4,24,47,1,35,17289489
7240,8,11,46,0,38,18445970
7241,8,16,51,0,43,52966961
7242,7,11,43,0,35,66660404
7243,8,24,59,0,51,63205029
7244,7,18,50,0,42,52497866
7245,7,24,56,0,48,19443528
7246,7,15,47,0,39,56694804
7247,8,16,51,0,43,54616754
7248,8,22,57,0,49,61771901
7249,8,17,52,0,44,82759954
7250,8,20,55,0,47,87514754
7251,4,12,35,0,27,88551677
7252,5,16,42,0,34,35587498
7253,7,16,48,0,40,88910975
7254,8,24,59,0,51,54079873
7255,8,20,55,0,47,03875754
7256,7,26,58,0,50,25926747
7257,8,14,49,0,41,62769394
7258,8,24,59,0,51,45734405
7259,8,23,58,0,50,06647379
7260,7,21,53,0,45,77480487
7261,5,24,50,0,42,11559084
7262,5,24,50,0,42,42165278
7263,8,24,59,0,51,21844814
7264,8,24,59,0,51,17670080
7265,8,23,58,0,50,90656454
7266,8,19,54,0,46,45806878
7267,6,24,53,0,45,64212993
7268,7,27,59,0,51,87341883
7269,8,24,59,0,51,59158777
7270,7,26,58,0,50,34599382
7271,7,20,52,1,40,59401785
7272,2,26,43,0,35,82356895
7273,7,27,59,1,47,66651474
7274,8,18,53,1,41,88475176
7275,6,20,49,1,37,47725598
7276,7,21,53,0,45,38173959
7277,5,15,41,0,33,43259797
7278,4,19,42,0,34,57763434
7279,7,22,54,0,46,18452907
7280,7,25,57,0,49,57028977
7281,8,22,57,0,49,87397443
7282,8,24,59,0,51,90859998
7283,4,21,44,0,36,50642060
7284,3,19,39,0,31,76410054
7285,8,24,59,0,51,37780656
7286,7,12,44,0,36,47569924
7287,7,27,59,0,51,56656043
7288,8,24,59,0,51,00568555
7289,6,16,45,0,37,65109975
7290,6,16,45,0,37,86556965
7291,7,27,59,0,51,76989762
7292,8,15,50,0,42,58678774
7293,5,27,53,0,45,54786717
7294,6,12,41,0,33,23953967
7295,8,22,57,1,45,61965775
7296,6,11,40,1,28,83684474
7297,7,14,46,0,38,56077486
7298,7,27,59,1,47,74429855
7299,7,27,59,0,51,15869196
7300,8,16,51,0,43,08916477
7301,7,27,59,0,51,14988043
7302,7,14,46,0,38,98396444
7303,6,29,58,1,46,98885513
7304,4,17,40,0,32,77910990
7305,6,10,39,0,31,37578679
7306,5,20,46,0,38,74243404
7307,8,24,59,0,51,97616609
7308,7,17,49,0,41,34989759
7309,8,21,56,0,48,96107659
7310,7,21,53,0,45,65854627
7311,8,24,59,0,51,01207518
7312,6,16,45,0,37,87991461
7313,6,18,47,0,39,95725596
7314,8,24,59,0,51,46294251
7315,7,27,59,0,51,97885669
7316,8,20,55,1,43,63183839
7317,7,16,48,0,40,88591239
7318,8,21,56,1,44,93444706
7319,8,19,54,1,42,12494854
7320,8,16,51,0,43,50088748
7321,8,18,53,0,45,57709668
7322,8,14,49,0,41,03469407
7323,8,24,59,0,51,07322974
7324,7,18,50,0,42,27423973
7325,8,24,59,0,51,41942841
7326,8,18,53,0,45,47306832
7327,7,27,59,0,51,77778609
7328,8,24,59,0,51,69278947
7329,4,20,43,1,31,55505705
7330,6,20,49,1,37,27463484
7331,6,17,46,0,38,50825729
7332,7,27,59,0,51,94815292
7333,7,23,55,0,47,49218877
7334,6,21,50,0,42,74737480
7335,8,10,45,2,29,46734545
7336,8,18,53,0,45,51693941
7337,5,18,44,0,36,04842399
7338,8,24,59,0,51,61628516
7339,7,16,48,0,40,07954614
7340,6,29,58,0,50,70484388
7341,7,16,48,0,40,24855785
7342,6,21,50,0,42,66880993
7343,8,20,55,0,47,96887854
7344,8,20,55,0,47,19969843
7345,4,28,51,1,39,87052452
7346,4,24,47,0,39,56449684
7347,8,24,59,0,51,42476499
7348,8,24,59,0,51,51117746
7349,7,24,56,1,44,36150086
7350,8,24,59,0,51,68476856
7351,6,22,51,0,43,57831721
7352,8,16,51,1,39,44974468
7353,8,24,59,0,51,89552006
7354,6,20,49,0,41,64574270
7355,7,13,45,1,33,49390947
7356,2,30,47,1,35,10876687
7357,8,13,48,0,40,35801490
7358,7,12,44,1,32,77462025
7359,8,15,50,0,42,69787173
7360,8,16,51,1,39,88538856
7361,6,26,55,0,47,59345778
7362,6,27,56,0,48,91679588
7363,7,24,56,0,48,06576915
7364,7,25,57,1,45,44077684
7365,5,18,44,0,36,12909110
7366,8,13,48,0,40,72454477
7367,7,21,53,0,45,18091755
7368,4,27,50,0,42,86963479
7369,7,16,48,0,40,97777479
7370,8,24,59,0,51,87334871
7371,8,24,59,0,51,69479587
7372,6,17,46,0,38,02997174
7373,8,17,52,0,44,64881754
7374,8,15,50,0,42,08863780
7375,7,21,53,0,45,76651961
7376,8,24,59,1,47,58897436
7377,8,23,58,0,50,87024947
7378,8,17,52,0,44,66188828
7379,8,19,54,0,46,85716855
7380,7,25,57,0,49,74279789
7381,8,21,56,0,48,68686875
7382,8,24,59,0,51,98248689
7383,7,14,46,0,38,78598353
7384,8,15,50,0,42,91275444
7385,8,18,53,0,45,09962942
7386,8,24,59,0,51,80965929
7387,8,20,55,0,47,94944308
7388,8,22,57,1,45,87254252
7389,8,19,54,1,42,85945875
7390,8,16,51,0,43,33588663
7391,3,24,44,0,36,57735984
7392,8,13,48,0,40,35488092
7393,4,19,42,0,34,47439765
7394,6,27,56,0,48,25299151
7395,7,15,47,0,39,60660554
7396,7,20,52,0,44,52629318
7397,6,20,49,0,41,59185806
7398,8,12,47,0,39,79877984
7399,8,24,59,0,51,02297077
7400,6,23,52,0,44,48798614
7401,8,14,49,1,37,89545147
7402,7,13,45,0,37,13938449
7403,8,24,59,0,51,92646558
7404,7,15,47,1,35,59894769
7405,7,11,43,0,35,06494816
7406,8,20,55,0,47,06494724
7407,6,24,53,0,45,14739944
7408,8,16,51,1,39,46029592
7409,8,24,59,0,51,24805539
7410,8,20,55,0,47,34996035
7411,6,21,50,0,42,72002747
7412,5,21,47,0,39,49624689
7413,6,17,46,0,38,97367877
7414,8,24,59,0,51,48889218
7415,7,25,57,0,49,49069807
7416,8,14,49,0,41,78976217
7417,8,24,59,0,51,64487277
7418,7,17,49,0,41,89309644
7419,8,23,58,0,50,47785610
7420,8,24,59,0,51,33351324
7421,7,20,52,1,40,24965987
7422,8,24,59,0,51,07641978
7423,8,18,53,0,45,68716675
7424,8,13,48,0,40,18792541
7425,8,19,54,0,46,48828322
7426,7,13,45,0,37,58498342
7427,8,24,59,0,51,53180056
7428,8,13,48,0,40,75587515
7429,8,19,54,0,46,56985740
7430,7,23,55,0,47,18749148
7431,7,17,49,0,41,54859867
7432,7,11,43,0,35,75904985
7433,7,19,51,0,43,59800092
7434,6,21,50,0,42,95206505
7435,8,23,58,0,50,96600189
7436,7,26,58,0,50,91582891
7437,8,16,51,0,43,49844765
7438,6,27,56,0,48,97235713
7439,8,13,48,0,40,54663239
7440,8,22,57,0,49,68642757
7441,6,19,48,0,40,91828483
7442,8,17,52,0,44,83400982
7443,7,20,52,0,44,90857597
7444,7,20,52,0,44,73538598
7445,8,15,50,0,42,08358601
7446,5,18,44,0,36,40886834
7447,7,22,54,1,42,54812479
7448,8,24,59,0,51,87614488
7449,7,17,49,0,41,10368979
7450,7,18,50,0,42,34664878
7451,8,22,57,0,49,85247934
7452,8,20,55,0,47,94649921
7453,8,24,59,1,47,56094713
7454,4,18,41,0,33,46659459
7455,8,22,57,0,49,65791942
7456,7,12,44,0,36,26865519
7457,7,27,59,0,51,56642896
7458,8,19,54,0,46,90447586
7459,6,28,57,0,49,59939865
7460,7,22,54,1,42,88936974
7461,8,22,57,0,49,74533490
7462,3,16,36,0,28,88766903
7463,7,27,59,0,51,64887279
7464,7,18,50,0,42,34775679
7465,6,15,44,0,36,78914844
7466,8,24,59,0,51,65507778
7467,8,24,59,0,51,45054486
7468,6,21,50,0,42,49555373
7469,8,24,59,0,51,28699070
7470,8,24,59,0,51,58258869
7471,8,21,56,0,48,22375986
7472,8,16,51,0,43,43045545
7473,8,17,52,0,44,76861447
7474,6,24,53,1,41,18606779
7475,7,20,52,0,44,86185564
7476,8,15,50,1,38,16735418
7477,2,24,41,0,33,73064651
7478,8,18,53,0,45,46854857
7479,8,19,54,1,42,79265393
7480,8,18,53,0,45,15649529
7481,3,22,42,0,34,88762246
7482,8,12,47,0,39,44459581
7483,7,25,57,0,49,95475115
7484,6,20,49,0,41,44214554
7485,8,18,53,0,45,29317545
7486,6,17,46,1,34,92789956
7487,8,24,59,0,51,86968986
7488,8,24,59,0,51,20067348
7489,8,18,53,0,45,63694899
7490,7,22,54,0,46,51442158
7491,3,26,46,0,38,56995650
7492,7,17,49,0,41,77602344
7493,8,16,51,0,43,85589199
7494,8,14,49,0,41,84816875
7495,7,27,59,0,51,69746657
7496,8,17,52,0,44,55724587
7497,7,21,53,1,41,28147992
7498,8,23,58,0,50,80979475
7499,6,25,54,1,42,95669260
7500,8,13,48,0,40,86014527
7501,6,20,49,0,41,04917564
7502,2,31,48,0,40,63893135
7503,8,15,50,0,42,49552967
7504,8,24,59,0,51,64556712
7505,7,16,48,0,40,35947481
7506,5,29,55,0,47,77668199
7507,7,27,59,0,51,86496782
7508,5,28,54,0,46,04131085
7509,5,22,48,0,40,18876756
7510,8,22,57,0,49,05726529
7511,5,17,43,0,35,64634680
7512,8,22,57,0,49,68553947
7513,8,17,52,0,44,54895837
7514,8,24,59,0,51,60788087
7515,7,27,59,1,47,77419185
7516,6,17,46,0,38,44965844
7517,6,15,44,1,32,47994879
7518,7,24,56,0,48,45055969
7519,7,27,59,0,51,93606964
7520,7,17,49,1,37,64125794
7521,7,13,45,0,37,68137333
7522,4,28,51,1,39,37653694
7523,7,13,45,0,37,35827857
7524,8,14,49,0,41,25974083
7525,6,23,52,0,44,45064570
7526,4,27,50,1,38,50487440
7527,7,17,49,1,37,95091885
7528,8,24,59,0,51,39981550
7529,7,23,55,0,47,77494761
7530,8,24,59,0,51,56925468
7531,8,17,52,0,44,58288324
7532,8,17,52,0,44,55843945
7533,7,18,50,0,42,94821682
7534,6,25,54,0,46,16358965
7535,8,24,59,0,51,82995559
7536,7,22,54,0,46,58719916
7537,8,22,57,0,49,90351601
7538,8,24,59,0,51,77679017
7539,8,18,53,0,45,34894011
7540,7,27,59,0,51,30700819
7541,5,20,46,0,38,81958175
7542,6,13,42,0,34,90668647
7543,5,14,40,0,32,98945247
7544,6,26,55,0,47,67688080
7545,8,24,59,0,51,45247874
7546,6,25,54,0,46,00695271
7547,8,24,59,0,51,50189298
7548,8,22,57,0,49,11554743
7549,4,18,41,0,33,85947965
7550,7,17,49,0,41,37665365
7551,8,19,54,0,46,58194607
7552,7,20,52,0,44,56541056
7553,7,22,54,0,46,95755065
7554,4,24,47,0,39,63281366
7555,8,17,52,0,44,47568558
7556,8,23,58,1,46,73815475
7557,8,19,54,0,46,59575214
7558,8,24,59,0,51,06527408
7559,8,24,59,0,51,67743589
7560,6,17,46,1,34,25967113
7561,7,16,48,0,40,78950025
7562,8,19,54,0,46,81435788
7563,8,24,59,0,51,43943749
7564,8,24,59,0,51,58584194
7565,8,18,53,0,45,46499065
7566,7,22,54,0,46,64745549
7567,7,26,58,1,46,55171653
7568,7,14,46,0,38,78992986
7569,8,19,54,0,46,46295795
7570,3,17,37,0,29,95002268
7571,7,26,58,0,50,63044947
7572,6,27,56,0,48,63997219
7573,6,25,54,0,46,55750844
7574,8,14,49,0,41,10498016
7575,7,20,52,0,44,74028758
7576,8,24,59,0,51,33509617
7577,6,15,44,0,36,06743485
7578,7,11,43,0,35,83437479
7579,7,19,51,0,43,86833170
7580,8,16,51,0,43,48837660
7581,6,23,52,0,44,68404770
7582,8,22,57,0,49,98690875
7583,8,24,59,1,47,59795553
7584,6,29,58,0,50,53181807
7585,8,20,55,0,47,26766143
7586,5,15,41,0,33,13097593
7587,8,22,57,0,49,45887953
7588,7,13,45,0,37,59987444
7589,8,24,59,1,47,76912947
7590,5,17,43,1,31,97982847
7591,7,10,42,0,34,64482781
7592,7,27,59,1,47,09707852
7593,8,20,55,2,39,37854773
7594,8,17,52,0,44,40787759
7595,7,18,50,0,42,44970770
7596,8,19,54,0,46,24151983
7597,2,17,34,0,26,40889894
7598,5,16,42,0,34,50941634
7599,7,22,54,0,46,37635796
7600,8,24,59,0,51,39447355
7601,8,24,59,0,51,12875897
7602,5,15,41,0,33,91667212
7603,8,23,58,1,46,69685436
7604,8,22,57,0,49,13991499
7605,6,20,49,1,37,52944655
7606,7,25,57,0,49,12346549
7607,7,19,51,0,43,84914514
7608,8,15,50,0,42,19786513
7609,8,23,58,0,50,06691456
7610,8,22,57,0,49,54736943
7611,7,16,48,0,40,43550124
7612,7,16,48,0,40,11839474
7613,4,28,51,0,43,66536872
7614,8,20,55,0,47,04599600
7615,8,19,54,0,46,88517447
7616,7,25,57,0,49,05717696
7617,8,19,54,0,46,54878988
7618,7,27,59,0,51,27876737
7619,8,24,59,1,47,12299756
7620,8,21,56,1,44,95266757
7621,8,24,59,0,51,83432814
7622,8,24,59,0,51,89984483
7623,8,14,49,0,41,47390747
7624,8,20,55,0,47,14657439
7625,8,24,59,0,51,61680687
7626,2,27,44,0,36,87442177
7627,6,16,45,0,37,87284875
7628,6,23,52,0,44,47186097
7629,7,23,55,0,47,98256401
7630,5,19,45,1,33,89435855
7631,4,19,42,0,34,69286559
7632,8,17,52,0,44,49355898
7633,7,21,53,0,45,03798296
7634,8,14,49,0,41,75998429
7635,8,24,59,0,51,99656242
7636,6,23,52,0,44,26926580
7637,6,18,47,0,39,80752494
7638,7,19,51,1,39,67947454
7639,6,21,50,0,42,47609935
7640,7,15,47,0,39,85152580
7641,7,19,51,0,43,49496363
7642,8,11,46,0,38,39960685
7643,5,23,49,0,41,67305655
7644,8,24,59,0,51,20528876
7645,8,24,59,0,51,46487537
7646,2,10,27,0,19,54692451
7647,8,15,50,1,38,09534663
7648,7,14,46,0,38,84897021
7649,8,24,59,0,51,24718468
7650,5,23,49,0,41,33625774
7651,8,20,55,0,47,49896954
7652,8,17,52,1,40,47451119
7653,8,24,59,0,51,57541795
7654,8,24,59,0,51,20226441
7655,8,15,50,0,42,80807658
7656,5,14,40,0,32,18582118
7657,6,12,41,0,33,25558218
7658,8,15,50,0,42,44351590
7659,7,19,51,0,43,40380850
7660,5,14,40,0,32,26514646
7661,8,16,51,0,43,57733388
7662,7,25,57,0,49,54327136
7663,3,16,36,0,28,95743894
7664,6,14,43,2,27,85964652
7665,8,13,48,0,40,24994616
7666,8,17,52,0,44,64064950
7667,7,18,50,0,42,04340473
7668,8,24,59,0,51,97941871
7669,5,21,47,1,35,52941694
7670,6,27,56,0,48,61497846
7671,8,23,58,0,50,47281498
7672,8,24,59,0,51,21450965
7673,8,24,59,0,51,56443945
7674,6,21,50,0,42,61588631
7675,8,24,59,0,51,20652977
7676,8,17,52,0,44,81082429
7677,8,22,57,0,49,75886762
7678,8,19,54,0,46,87187997
7679,8,14,49,0,41,58194968
7680,8,19,54,0,46,58298988
7681,8,21,56,0,48,13882489
7682,5,16,42,2,26,49779784
7683,7,27,59,0,51,48592962
7684,8,24,59,0,51,48775515
7685,6,26,55,0,47,70066977
7686,5,16,42,0,34,48639668
7687,8,15,50,0,42,57523004
7688,5,29,55,1,43,78428107
7689,8,17,52,0,44,43787449
7690,8,14,49,1,37,20752288
7691,8,24,59,0,51,03419759
7692,6,15,44,0,36,13206570
7693,6,19,48,0,40,87982868
7694,7,15,47,0,39,67016784
7695,5,21,47,0,39,61754638
7696,5,18,44,0,36,61224256
7697,8,20,55,0,47,89965581
7698,5,19,45,0,37,05960414
7699,8,16,51,0,43,70620935
7700,6,13,42,1,30,14787545
7701,8,21,56,0,48,78980907
7702,7,16,48,0,40,04576585
7703,8,24,59,0,51,19857944
7704,8,15,50,0,42,58887766
7705,7,27,59,0,51,68754452
7706,8,24,59,0,51,54507589
7707,8,12,47,0,39,55757844
7708,8,17,52,0,44,16525077
7709,8,18,53,0,45,57366542
7710,5,25,51,0,43,90074665
7711,7,13,45,0,37,35800662
7712,8,23,58,0,50,95941698
7713,8,10,45,0,37,83697750
7714,8,20,55,0,47,59475747
7715,8,21,56,0,48,06260967
7716,7,21,53,0,45,69571817
7717,8,24,59,0,51,67699859
7718,6,25,54,0,46,06411196
7719,8,14,49,0,41,41083461
7720,7,14,46,1,34,16966555
7721,7,25,57,0,49,75857182
7722,7,25,57,0,49,04996571
7723,6,14,43,0,35,53348857
7724,7,27,59,0,51,49699885
7725,7,27,59,0,51,97733575
7726,8,24,59,0,51,99434718
7727,8,24,59,0,51,79091241
7728,7,16,48,0,40,15576268
7729,6,21,50,0,42,64968824
7730,8,17,52,0,44,50088866
7731,7,19,51,0,43,60551789
7732,8,13,48,0,40,34979276
7733,8,20,55,0,47,09144064
7734,2,24,41,0,33,47374665
7735,5,17,43,0,35,18497459
7736,7,21,53,0,45,81665528
7737,8,24,59,0,51,73978147
7738,8,13,48,0,40,32171949
7739,8,24,59,0,51,94708429
7740,8,12,47,0,39,08597755
7741,8,16,51,0,43,33057629
7742,8,24,59,0,51,72664849
7743,7,27,59,0,51,53849040
7744,7,27,59,0,51,98184945
7745,6,25,54,0,46,77870525
7746,6,23,52,0,44,83848284
7747,5,15,41,0,33,87087974
7748,8,18,53,0,45,37162536
7749,8,17,52,0,44,84353771
7750,7,25,57,0,49,58996832
7751,8,22,57,1,45,65977899
7752,8,24,59,0,51,45446467
7753,6,12,41,0,33,42537162
7754,2,18,35,0,27,82435199
7755,8,19,54,0,46,55773820
7756,8,21,56,0,48,35074486
7757,7,24,56,0,48,57580719
7758,8,18,53,0,45,88470487
7759,5,28,54,0,46,86679395
7760,8,20,55,0,47,97944857
7761,8,15,50,0,42,98461658
7762,8,22,57,0,49,83248651
7763,8,24,59,0,51,07973198
7764,7,14,46,0,38,02252142
7765,8,24,59,0,51,88318840
7766,5,23,49,0,41,80010363
7767,7,12,44,0,36,31383347
7768,8,24,59,0,51,67463788
7769,8,22,57,0,49,83574491
7770,7,12,44,0,36,64537355
7771,5,16,42,0,34,69154421
7772,7,27,59,0,51,50733743
7773,8,19,54,0,46,76397204
7774,8,24,59,0,51,65805827
7775,7,15,47,0,39,97542448
7776,8,22,57,0,49,22897270
7777,7,25,57,1,45,77436858
7778,7,23,55,0,47,77827253
7779,6,26,55,0,47,40302355
7780,7,25,57,0,49,47248168
7781,7,18,50,1,38,53493681
7782,8,14,49,0,41,89047934
7783,6,19,48,0,40,70990967
7784,6,28,57,0,49,39445937
7785,8,24,59,0,51,74244929
7786,7,25,57,0,49,58188699
7787,7,25,57,0,49,69425960
7788,2,15,32,0,24,95991709
7789,6,17,46,0,38,36095755
7790,5,16,42,0,34,67247378
7791,7,20,52,0,44,20845374
7792,6,26,55,0,47,98869306
7793,8,13,48,0,40,52683412
7794,8,13,48,0,40,54589994
7795,8,12,47,1,35,04898207
7796,7,27,59,1,47,89696294
7797,8,14,49,0,41,84598426
7798,6,22,51,0,43,33134058
7799,7,17,49,1,37,89868052
7800,8,21,56,0,48,92758587
7801,8,24,59,0,51,67849769
7802,7,17,49,0,41,06968788
7803,8,16,51,0,43,49588484
7804,8,24,59,0,51,20388874
7805,7,11,43,0,35,71743780
7806,7,20,52,1,40,24460837
7807,8,24,59,0,51,07838285
7808,5,23,49,0,41,06613513
7809,8,18,53,0,45,85508540
7810,8,24,59,0,51,07739787
7811,8,24,59,0,51,38567898
7812,3,21,41,0,33,77181455
7813,8,24,59,0,51,38637066
7814,8,18,53,0,45,16458819
7815,6,25,54,0,46,60598052
7816,5,17,43,0,35,27464765
7817,7,16,48,0,40,16699215
7818,5,20,46,0,38,76873752
7819,6,17,46,0,38,00452228
7820,8,22,57,0,49,47930975
7821,5,21,47,0,39,61409587
7822,8,24,59,0,51,19777303
7823,4,25,48,1,36,80760847
7824,6,17,46,0,38,68576666
7825,5,21,47,0,39,85163859
7826,6,16,45,0,37,02968191
7827,4,14,37,0,29,95008858
7828,7,27,59,0,51,45966554
7829,7,14,46,0,38,98806249
7830,5,18,44,1,32,97374669
7831,8,19,54,0,46,58844844
7832,8,24,59,1,47,89168514
7833,8,24,59,0,51,98666589
7834,8,24,59,0,51,57512890
7835,8,24,59,1,47,74989372
7836,8,20,55,0,47,67452174
7837,8,24,59,0,51,69940448
7838,7,19,51,0,43,34961698
7839,7,25,57,0,49,78707864
7840,4,27,50,0,42,47912712
7841,6,30,59,0,51,56027621
7842,7,21,53,0,45,87947599
7843,7,27,59,0,51,03880424
7844,8,22,57,0,49,12589478
7845,8,24,59,0,51,87736571
7846,8,24,59,0,51,64574058
7847,6,18,47,0,39,84825250
7848,7,25,57,0,49,74756039
7849,7,19,51,0,43,71407967
7850,8,17,52,0,44,36558945
7851,5,16,42,0,34,52555886
7852,8,14,49,0,41,45766948
7853,7,19,51,0,43,13550447
7854,4,16,39,1,27,14972575
7855,8,13,48,1,36,00726578
7856,6,23,52,0,44,75780898
7857,7,14,46,0,38,48526168
7858,8,24,59,0,51,50076177
7859,7,24,56,0,48,24667188
7860,7,15,47,0,39,86909968
7861,8,24,59,1,47,18565954
7862,6,27,56,0,48,78549043
7863,8,20,55,0,47,21150749
7864,8,24,59,0,51,33286368
7865,8,24,59,0,51,64972564
7866,8,12,47,0,39,95472983
7867,8,21,56,0,48,37598209
7868,8,16,51,1,39,36977583
7869,6,22,51,0,43,25686436
7870,7,21,53,0,45,94847691
7871,7,15,47,0,39,89995952
7872,8,24,59,0,51,84604907
7873,5,24,50,1,38,69997605
7874,6,28,57,0,49,18270997
7875,5,14,40,0,32,82535917
7876,6,17,46,0,38,03425286
7877,7,19,51,0,43,65466476
7878,4,20,43,0,35,16646450
7879,8,19,54,0,46,02594815
7880,8,20,55,0,47,45968718
7881,8,17,52,0,44,70775459
7882,6,26,55,0,47,38239018
7883,8,20,55,0,47,69408678
7884,5,29,55,1,43,17895436
7885,2,20,37,0,29,66766189
7886,7,27,59,0,51,89678647
7887,8,16,51,0,43,16495688
7888,8,24,59,0,51,57845190
7889,7,27,59,0,51,26533544
7890,8,17,52,0,44,71397876
7891,4,16,39,0,31,12204793
7892,8,24,59,0,51,78545589
7893,8,24,59,0,51,75525066
7894,6,27,56,0,48,35684941
7895,2,12,29,0,21,77980968
7896,7,26,58,0,50,43281247
7897,8,20,55,0,47,60750731
7898,6,25,54,0,46,40557582
7899,8,24,59,1,47,79891766
7900,7,20,52,0,44,68546777
7901,7,27,59,1,47,20438045
7902,5,21,47,0,39,44761762
7903,8,20,55,0,47,65698447
7904,8,24,59,0,51,44472745
7905,8,15,50,0,42,52408555
7906,7,20,52,0,44,43918796
7907,7,27,59,0,51,96086757
7908,6,18,47,0,39,83827297
7909,6,18,47,0,39,53774385
7910,7,13,45,0,37,09653693
7911,5,12,38,0,30,82896169
7912,7,27,59,0,51,48574556
7913,8,15,50,0,42,20857784
7914,8,23,58,0,50,14899793
7915,8,15,50,0,42,72641408
7916,7,17,49,0,41,84807949
7917,3,18,38,0,30,75197665
7918,8,24,59,0,51,93824582
7919,8,24,59,0,51,74934872
7920,8,21,56,0,48,65446765
7921,5,28,54,0,46,54948979
7922,8,23,58,1,46,48538445
7923,7,14,46,0,38,55942658
7924,3,24,44,0,36,50379880
7925,8,16,51,2,35,56897716
7926,8,19,54,0,46,57264531
7927,8,17,52,1,40,22899784
7928,7,16,48,0,40,47641717
7929,8,20,55,0,47,74770865
7930,8,18,53,0,45,62104225
7931,7,16,48,0,40,54944593
7932,7,21,53,0,45,54115849
7933,8,17,52,0,44,79934346
7934,8,24,59,0,51,63435625
7935,7,12,44,1,32,45577156
7936,8,20,55,0,47,25464795
7937,8,14,49,1,37,10249437
7938,8,12,47,0,39,56968875
7939,8,24,59,0,51,46663991
7940,8,19,54,0,46,25227496
7941,8,23,58,0,50,08369417
7942,8,20,55,0,47,27698472
7943,5,15,41,0,33,03299041
7944,2,28,45,0,37,08939234
7945,8,18,53,0,45,40889721
7946,8,24,59,0,51,24740258
7947,8,19,54,0,46,46617767
7948,8,24,59,0,51,78781918
7949,8,24,59,0,51,79648541
7950,8,24,59,0,51,11561963
7951,8,22,57,0,49,86467824
7952,7,22,54,1,42,09755858
7953,7,19,51,0,43,62890924
7954,7,18,50,0,42,88042749
7955,7,25,57,1,45,01638575
7956,8,22,57,0,49,96687488
7957,2,21,38,0,30,30615578
7958,8,10,45,0,37,39847270
7959,7,16,48,0,40,43978136
7960,7,27,59,0,51,83879478
7961,8,16,51,0,43,91625888
7962,7,12,44,0,36,15754885
7963,8,20,55,0,47,57679075
7964,8,17,52,0,44,05617977
7965,7,26,58,0,50,15941568
7966,5,18,44,0,36,57932967
7967,7,16,48,0,40,66489177
7968,7,23,55,1,43,75128148
7969,6,22,51,0,43,55758654
7970,8,16,51,0,43,53896494
7971,2,26,43,0,35,37674554
7972,8,16,51,1,39,84170554
7973,8,24,59,0,51,26464168
7974,8,14,49,0,41,59068654
7975,8,21,56,0,48,23509692
7976,7,23,55,1,43,86775029
7977,8,24,59,0,51,58813655
7978,6,21,50,0,42,12446241
7979,8,23,58,0,50,81894675
7980,6,13,42,0,34,43884599
7981,8,18,53,0,45,53535444
7982,8,13,48,0,40,85527753
7983,8,13,48,0,40,54394409
7984,8,24,59,0,51,48465014
7985,8,24,59,0,51,52024377
7986,8,17,52,1,40,59776894
7987,2,28,45,0,37,24115464
7988,8,24,59,0,51,84948915
7989,7,17,49,0,41,98947855
7990,6,21,50,0,42,62770967
7991,7,17,49,0,41,80783539
7992,8,23,58,0,50,52544458
7993,7,26,58,0,50,18199718
7994,6,27,56,1,44,66986588
7995,8,20,55,0,47,97477868
7996,7,20,52,1,40,78549748
7997,8,13,48,0,40,54244572
7998,5,23,49,0,41,40816785
7999,7,21,53,0,45,37831017
8000,8,22,57,0,49,55564539
8001,8,24,59,0,51,80069734
8002,6,25,54,0,46,27495698
8003,8,24,59,0,51,58612408
8004,8,15,50,0,42,35436749
8005,7,21,53,0,45,91989495
8006,7,23,55,0,47,03658910
8007,8,17,52,0,44,84694072
8008,6,30,59,0,51,77553371
8009,6,21,50,0,42,71403646
8010,6,27,56,1,44,52484265
8011,8,20,55,0,47,85618947
8012,3,29,49,0,41,17789834
8013,7,27,59,0,51,24569770
8014,8,24,59,0,51,50768260
8015,8,18,53,0,45,90385498
8016,8,23,58,0,50,71608365
8017,8,24,59,0,51,45868226
8018,8,12,47,0,39,54796674
8019,6,23,52,0,44,86975996
8020,8,14,49,0,41,65904964
8021,7,25,57,1,45,98900575
8022,7,22,54,0,46,67739767
8023,7,22,54,1,42,65175618
8024,8,24,59,0,51,54428052
8025,7,18,50,0,42,85278084
8026,3,22,42,0,34,75393773
8027,8,24,59,1,47,83967714
8028,8,24,59,0,51,97719878
8029,8,20,55,0,47,50289510
8030,7,21,53,0,45,61014853
8031,5,14,40,0,32,87456496
8032,6,30,59,0,51,74914546
8033,8,24,59,1,47,69896613
8034,7,17,49,0,41,95294452
8035,8,24,59,0,51,82934254
8036,7,25,57,1,45,57102756
8037,5,18,44,0,36,89585494
8038,8,24,59,0,51,13551978
8039,6,22,51,0,43,64472866
8040,7,20,52,0,44,16693288
8041,3,23,43,0,35,68943363
8042,8,21,56,0,48,79351949
8043,8,14,49,0,41,42724719
8044,4,18,41,1,29,11838896
8045,8,15,50,1,38,87768437
8046,8,24,59,0,51,54967055
8047,8,16,51,1,39,87666577
8048,8,17,52,0,44,17541889
8049,5,16,42,0,34,10982460
8050,6,10,39,0,31,50897512
8051,7,12,44,0,36,64855387
8052,8,18,53,0,45,38464643
8053,7,22,54,0,46,59575738
8054,7,19,51,0,43,59949972
8055,8,14,49,1,37,42881696
8056,8,24,59,0,51,88496578
8057,7,26,58,0,50,90464564
8058,5,16,42,0,34,24755489
8059,8,17,52,0,44,55616626
8060,3,18,38,0,30,53861750
8061,8,22,57,0,49,26404999
8062,7,27,59,0,51,83569871
8063,3,24,44,1,32,67712951
8064,7,20,52,1,40,24274376
8065,8,24,59,0,51,07906242
8066,7,27,59,0,51,94607577
8067,5,26,52,0,44,09110484
8068,7,14,46,0,38,44620487
8069,3,20,40,0,32,26175168
8070,8,24,59,0,51,36890962
8071,8,24,59,0,51,61186463
8072,5,27,53,0,45,25426675
8073,8,22,57,0,49,48245149
8074,7,26,58,0,50,52466750
8075,8,24,59,0,51,75748984
8076,8,16,51,0,43,57397824
8077,8,22,57,0,49,43508569
8078,7,13,45,0,37,68767807
8079,8,18,53,0,45,66092691
8080,7,27,59,0,51,75056693
8081,6,22,51,0,43,38648676
8082,6,30,59,0,51,46035373
8083,8,24,59,0,51,96078347
8084,7,15,47,0,39,88864839
8085,7,25,57,0,49,13519962
8086,4,14,37,0,29,30419554
8087,7,19,51,1,39,67784406
8088,8,24,59,0,51,14871388
8089,8,23,58,0,50,78922979
8090,6,20,49,0,41,78788476
8091,7,27,59,0,51,76851987
8092,7,21,53,0,45,08396123
8093,7,24,56,1,44,51032807
8094,5,22,48,0,40,35153640
8095,6,24,53,0,45,91885882
8096,7,18,50,0,42,47441875
8097,8,23,58,0,50,46340896
8098,7,17,49,1,37,73208827
8099,7,18,50,0,42,95873988
8100,7,17,49,0,41,78226412
8101,8,12,47,0,39,32451619
8102,8,24,59,0,51,36574530
8103,6,21,50,1,38,95445598
8104,8,19,54,0,46,62319953
8105,8,20,55,0,47,86369996
8106,7,15,47,0,39,18944924
8107,6,19,48,1,36,99889767
8108,8,19,54,1,42,76750998
8109,8,22,57,0,49,04057807
8110,8,24,59,0,51,42794901
8111,8,24,59,0,51,42954977
8112,8,24,59,0,51,98881474
8113,7,20,52,0,44,65415447
8114,7,14,46,1,34,94854774
8115,8,21,56,0,48,05086378
8116,8,24,59,0,51,85965029
8117,5,25,51,0,43,38125749
8118,7,27,59,0,51,96568745
8119,8,18,53,0,45,79664342
8120,6,30,59,0,51,97296532
8121,8,18,53,0,45,71924886
8122,8,22,57,0,49,07478544
8123,8,24,59,1,47,78668986
8124,8,19,54,0,46,37679787
8125,8,22,57,1,45,08052027
8126,6,24,53,0,45,74556869
8127,8,22,57,0,49,60876842
8128,8,14,49,0,41,59024415
8129,3,25,45,0,37,54761968
8130,8,20,55,0,47,52578681
8131,6,22,51,0,43,25567847
8132,5,13,39,0,31,63082695
8133,7,13,45,0,37,17472848
8134,3,19,39,0,31,37643656
8135,8,18,53,0,45,39948816
8136,8,16,51,0,43,63972678
8137,8,16,51,0,43,36872885
8138,3,19,39,0,31,95782829
8139,8,15,50,0,42,06676096
8140,7,25,57,0,49,48599881
8141,8,17,52,0,44,68647247
8142,6,15,44,0,36,94795987
8143,8,24,59,0,51,36673977
8144,8,21,56,0,48,39548385
8145,5,27,53,0,45,08980239
8146,7,27,59,0,51,08933361
8147,8,22,57,0,49,07196177
8148,8,24,59,0,51,56479259
8149,8,24,59,0,51,61511500
8150,7,27,59,0,51,98288556
8151,7,18,50,0,42,30724667
8152,6,18,47,0,39,06638808
8153,8,24,59,0,51,87862779
8154,8,12,47,0,39,29649444
8155,6,19,48,0,40,54158464
8156,8,17,52,0,44,69521575
8157,8,15,50,0,42,09662796
8158,8,16,51,0,43,85920147
8159,6,28,57,0,49,86155922
8160,8,21,56,0,48,48325317
8161,7,23,55,0,47,97476988
8162,8,20,55,0,47,98956582
8163,8,21,56,1,44,11354996
8164,8,24,59,0,51,40944965
8165,7,27,59,1,47,88978731
8166,3,24,44,1,32,74625751
8167,8,24,59,0,51,04442560
8168,7,22,54,0,46,08418787
8169,8,14,49,1,37,57869121
8170,8,18,53,0,45,75676282
8171,5,26,52,0,44,64743286
8172,8,18,53,0,45,98955449
8173,7,20,52,1,40,27648369
8174,8,24,59,0,51,96759122
8175,8,24,59,0,51,27745674
8176,5,27,53,0,45,99551406
8177,8,17,52,0,44,75388670
8178,5,19,45,0,37,86647388
8179,7,23,55,0,47,45658655
8180,4,22,45,0,37,13675395
8181,8,16,51,1,39,58477605
8182,8,22,57,0,49,30746872
8183,5,17,43,0,35,05093555
8184,8,19,54,0,46,22689474
8185,8,17,52,0,44,93804273
8186,8,18,53,0,45,86597110
8187,7,19,51,0,43,11917245
8188,4,27,50,0,42,09581856
8189,8,12,47,0,39,58415983
8190,4,19,42,1,30,93548366
8191,8,24,59,0,51,84286267
8192,8,24,59,0,51,09413738
8193,8,20,55,0,47,51582747
8194,3,20,40,0,32,37732977
8195,8,16,51,0,43,42888979
8196,8,24,59,0,51,51474486
8197,8,23,58,0,50,92841946
8198,8,21,56,1,44,14060827
8199,5,24,50,0,42,91409069
8200,5,26,52,0,44,55407892
8201,6,28,57,1,45,42590076
8202,8,23,58,0,50,90855889
8203,8,16,51,0,43,44178666
8204,7,10,42,1,30,14254235
8205,8,18,53,0,45,61885442
8206,8,20,55,0,47,55637884
8207,7,14,46,0,38,86227566
8208,7,27,59,0,51,57592499
8209,8,16,51,0,43,47713566
8210,3,30,50,1,38,19955524
8211,7,14,46,0,38,45160575
8212,8,21,56,0,48,52807754
8213,8,19,54,1,42,95754936
8214,4,13,36,0,28,75950795
8215,6,14,43,0,35,65169973
8216,7,12,44,0,36,20478148
8217,5,18,44,0,36,28429509
8218,8,16,51,0,43,87845255
8219,7,21,53,0,45,44797580
8220,8,18,53,0,45,05863970
8221,8,24,59,0,51,96456355
8222,8,24,59,1,47,51186785
8223,8,16,51,1,39,49950667
8224,8,18,53,0,45,01651616
8225,5,21,47,0,39,54558883
8226,6,19,48,1,36,98578417
8227,8,10,45,0,37,53742108
8228,8,20,55,0,47,40461548
8229,8,23,58,0,50,55306768
8230,8,24,59,0,51,59735413
8231,8,24,59,1,47,78066562
8232,7,17,49,0,41,04606458
8233,6,19,48,0,40,15875469
8234,8,23,58,0,50,86227242
8235,6,18,47,0,39,86302241
8236,8,18,53,0,45,35275876
8237,8,18,53,0,45,38653840
8238,7,20,52,0,44,36047309
8239,5,15,41,0,33,59564584
8240,7,19,51,0,43,45598554
8241,8,16,51,0,43,84748748
8242,7,21,53,0,45,05749844
8243,8,24,59,0,51,85987364
8244,3,15,35,0,27,64449443
8245,3,20,40,0,32,52916889
8246,8,17,52,1,40,62355434
8247,8,24,59,0,51,92158989
8248,6,30,59,0,51,61416095
8249,8,24,59,1,47,53074714
8250,8,13,48,0,40,07776078
8251,7,27,59,1,47,46469888
8252,8,10,45,0,37,61785455
8253,8,11,46,0,38,55826953
8254,7,19,51,0,43,78597478
8255,8,17,52,0,44,73559483
8256,7,21,53,0,45,63229078
8257,8,24,59,1,47,34913763
8258,7,22,54,1,42,77667366
8259,7,14,46,0,38,57668671
8260,8,24,59,0,51,65596753
8261,6,14,43,0,35,68409457
8262,4,26,49,0,41,87487978
8263,8,11,46,1,34,31766798
8264,8,15,50,0,42,93154637
8265,6,20,49,0,41,20756983
8266,6,12,41,0,33,70451758
8267,8,21,56,0,48,39688954
8268,8,24,59,0,51,22936785
8269,8,11,46,0,38,45646575
8270,8,24,59,0,51,60266676
8271,8,14,49,0,41,47410759
8272,8,22,57,1,45,64982843
8273,7,17,49,0,41,62847297
8274,7,21,53,0,45,93446830
8275,8,22,57,0,49,65131979
8276,8,18,53,0,45,94508754
8277,6,28,57,0,49,39406685
8278,5,23,49,0,41,81857592
8279,8,21,56,0,48,09860564
8280,8,21,56,0,48,35244045
8281,8,22,57,0,49,17249552
8282,7,15,47,0,39,74717360
8283,7,21,53,0,45,93777824
8284,6,26,55,0,47,94748556
8285,8,24,59,0,51,29197217
8286,8,23,58,0,50,01441307
8287,8,12,47,0,39,12177488
8288,8,17,52,0,44,51694998
8289,5,29,55,0,47,87641448
8290,8,18,53,0,45,62708788
8291,8,20,55,0,47,38395858
8292,8,24,59,0,51,52524987
8293,8,24,59,0,51,64552697
8294,5,31,57,0,49,37464760
8295,8,21,56,1,44,77555386
8296,8,24,59,0,51,85670305
8297,5,32,58,0,50,49443954
8298,7,21,53,0,45,76762824
8299,8,24,59,0,51,49981034
8300,7,27,59,0,51,01148994
8301,8,13,48,0,40,57670645
8302,8,24,59,0,51,54880664
8303,7,26,58,0,50,03192094
8304,6,22,51,0,43,93055441
8305,8,21,56,0,48,41857718
8306,7,12,44,0,36,57977511
8307,8,24,59,0,51,24018704
8308,8,21,56,0,48,70757823
8309,8,24,59,0,51,15735756
8310,4,14,37,0,29,62464492
8311,6,28,57,0,49,46531909
8312,6,26,55,0,47,91902776
8313,8,16,51,0,43,65614747
8314,5,20,46,0,38,04677459
8315,7,27,59,0,51,49445667
8316,7,23,55,0,47,93804400
8317,7,15,47,0,39,73255845
8318,8,14,49,0,41,54255426
8319,8,24,59,0,51,96564565
8320,7,22,54,0,46,12678777
8321,7,24,56,0,48,75753462
8322,5,20,46,0,38,65578561
8323,8,24,59,0,51,59493983
8324,8,15,50,0,42,14297527
8325,7,27,59,0,51,44766964
8326,8,23,58,0,50,76799240
8327,7,19,51,0,43,60814894
8328,7,27,59,0,51,69765578
8329,4,19,42,0,34,53932358
8330,7,17,49,0,41,35486684
8331,8,24,59,0,51,10407755
8332,7,17,49,0,41,67578054
8333,6,14,43,0,35,77668872
8334,7,23,55,1,43,71675194
8335,8,19,54,0,46,45894696
8336,8,24,59,0,51,56649587
8337,3,19,39,0,31,70635458
8338,7,26,58,0,50,46785827
8339,8,13,48,0,40,13464851
8340,8,24,59,0,51,67547979
8341,3,22,42,0,34,72086977
8342,8,21,56,0,48,75985756
8343,6,18,47,0,39,89814891
8344,7,12,44,0,36,80354900
8345,8,24,59,0,51,33107943
8346,6,15,44,0,36,68499902
8347,8,18,53,0,45,61857619
8348,8,14,49,0,41,97886972
8349,3,29,49,0,41,96129877
8350,8,24,59,0,51,29879035
8351,7,22,54,0,46,87757977
8352,6,24,53,0,45,43969515
8353,3,22,42,0,34,90410592
8354,8,18,53,0,45,32218373
8355,8,20,55,0,47,08428844
8356,7,18,50,0,42,70906667
8357,4,18,41,2,25,98949941
8358,8,24,59,0,51,80568900
8359,7,27,59,1,47,85750689
8360,8,21,56,0,48,72647797
8361,7,27,59,0,51,07844421
8362,5,23,49,0,41,49674279
8363,4,21,44,0,36,81658464
8364,7,24,56,0,48,96187194
8365,8,24,59,0,51,68579464
8366,6,23,52,0,44,24684459
8367,7,18,50,1,38,98985031
8368,8,21,56,0,48,95945197
8369,7,11,43,0,35,76985496
8370,3,20,40,0,32,57697469
8371,6,21,50,0,42,32328414
8372,8,24,59,0,51,85919537
8373,8,18,53,0,45,88405011
8374,5,28,54,0,46,77352727
8375,6,21,50,1,38,47525778
8376,7,13,45,0,37,61634644
8377,7,24,56,0,48,90366125
8378,8,21,56,0,48,07608598
8379,8,23,58,0,50,76419095
8380,8,22,57,0,49,04704815
8381,7,16,48,1,36,06490994
8382,8,20,55,0,47,88957826
8383,8,21,56,1,44,38814895
8384,8,24,59,0,51,08297559
8385,8,22,57,0,49,79655874
8386,6,13,42,0,34,55785697
8387,6,23,52,0,44,86866859
8388,8,21,56,0,48,00277013
8389,8,21,56,0,48,97906995
8390,7,22,54,0,46,20676381
8391,7,18,50,0,42,57518605
8392,6,27,56,0,48,79207767
8393,8,24,59,0,51,98786880
8394,7,18,50,1,38,55218469
8395,5,14,40,0,32,07829196
8396,6,20,49,0,41,77271424
8397,8,16,51,0,43,72769646
8398,7,15,47,0,39,59409998
8399,5,27,53,1,41,18148006
8400,6,27,56,0,48,68846827
8401,8,23,58,0,50,83931747
8402,8,16,51,0,43,60452871
8403,8,22,57,0,49,65199835
8404,5,17,43,0,35,29768140
8405,8,24,59,1,47,78457968
8406,7,16,48,0,40,75545909
8407,8,18,53,0,45,57023964
8408,6,21,50,0,42,84941551
8409,8,14,49,0,41,98987085
8410,8,20,55,1,43,97795160
8411,8,14,49,0,41,39987997
8412,5,30,56,0,48,41453365
8413,8,14,49,0,41,81620340
8414,7,25,57,0,49,17550133
8415,8,13,48,0,40,12190284
8416,8,23,58,0,50,64947271
8417,8,22,57,0,49,00512924
8418,6,27,56,1,44,38408577
8419,6,21,50,0,42,45555441
8420,8,22,57,0,49,75599301
8421,3,27,47,1,35,42929962
8422,7,23,55,0,47,51475727
8423,8,22,57,0,49,26795646
8424,8,24,59,0,51,78295956
8425,8,21,56,0,48,58056710
8426,8,24,59,0,51,36416937
8427,4,25,48,0,40,80895871
8428,5,12,38,0,30,76576511
8429,6,21,50,1,38,07451296
8430,7,24,56,0,48,89991460
8431,8,24,59,0,51,24566795
8432,4,25,48,0,40,04541192
8433,8,17,52,0,44,60877765
8434,7,23,55,0,47,41475526
8435,8,10,45,0,37,47930684
8436,6,21,50,0,42,85515989
8437,7,16,48,0,40,44627880
8438,8,21,56,0,48,54399452
8439,8,24,59,0,51,59028842
8440,8,24,59,0,51,61892448
8441,6,27,56,0,48,98635889
8442,8,22,57,0,49,74346754
8443,8,24,59,0,51,86288176
8444,8,18,53,1,41,00865174
8445,8,24,59,0,51,61965597
8446,7,18,50,0,42,16753555
8447,8,22,57,0,49,99457948
8448,8,14,49,0,41,94552755
8449,8,22,57,0,49,59803495
8450,8,17,52,0,44,67580887
8451,8,24,59,0,51,88799598
8452,7,23,55,0,47,42478891
8453,8,12,47,1,35,77731294
8454,8,19,54,0,46,96035852
8455,8,19,54,0,46,46804715
8456,8,24,59,0,51,53386067
8457,7,15,47,0,39,18564854
8458,8,16,51,0,43,42625299
8459,8,11,46,0,38,23225868
8460,8,24,59,0,51,53469584
8461,6,27,56,1,44,56792598
8462,6,18,47,0,39,28899995
8463,8,20,55,0,47,44886886
8464,5,16,42,0,34,78698695
8465,8,24,59,0,51,73544842
8466,8,17,52,0,44,39387967
8467,8,24,59,0,51,04444438
8468,8,24,59,0,51,09260517
8469,7,18,50,0,42,45431483
8470,5,16,42,0,34,49319548
8471,8,17,52,0,44,89336442
8472,7,27,59,0,51,86458886
8473,8,19,54,0,46,49194869
8474,8,24,59,1,47,47108683
8475,6,13,42,1,30,89597158
8476,8,16,51,0,43,93137747
8477,5,23,49,0,41,81897615
8478,5,14,40,0,32,47599247
8479,8,24,59,0,51,22148468
8480,8,19,54,1,42,96104475
8481,8,23,58,0,50,57474057
8482,7,23,55,0,47,59062586
8483,8,24,59,0,51,61492858
8484,8,21,56,0,48,79425389
8485,8,14,49,0,41,97601272
8486,8,17,52,0,44,59268388
8487,8,24,59,0,51,86970284
8488,8,23,58,0,50,91993638
8489,7,18,50,0,42,57997473
8490,8,19,54,0,46,54394218
8491,8,16,51,0,43,39566981
8492,4,21,44,0,36,67821375
8493,7,27,59,1,47,68565972
8494,7,14,46,0,38,87534541
8495,8,20,55,0,47,99356637
8496,6,27,56,0,48,56587464
8497,8,14,49,0,41,94598705
8498,6,21,50,1,38,56869688
8499,8,22,57,0,49,66745201
8500,6,26,55,1,43,77170288
8501,6,30,59,0,51,64487484
8502,6,18,47,1,35,76078692
8503,7,21,53,0,45,58095836
8504,5,15,41,0,33,99487894
8505,7,24,56,0,48,45473781
8506,5,29,55,0,47,66275785
8507,5,30,56,0,48,53267748
8508,7,23,55,0,47,74627686
8509,8,13,48,0,40,45126389
8510,8,24,59,0,51,34910352
8511,5,26,52,0,44,32603985
8512,8,16,51,0,43,53975226
8513,8,12,47,0,39,81982216
8514,7,26,58,0,50,24899377
8515,6,20,49,0,41,39872694
8516,7,18,50,0,42,77735484
8517,8,13,48,0,40,27538271
8518,8,24,59,1,47,14487259
8519,8,11,46,0,38,28735085
8520,7,24,56,0,48,57914963
8521,8,24,59,1,47,15157564
8522,7,25,57,0,49,99286916
8523,5,23,49,0,41,30908169
8524,8,15,50,0,42,59857867
8525,5,30,56,0,48,48950567
8526,7,15,47,0,39,91565708
8527,6,15,44,0,36,94784574
8528,7,17,49,2,33,18595955
8529,5,23,49,1,37,49775183
8530,7,12,44,1,32,35584443
8531,6,17,46,1,34,47716840
8532,3,21,41,0,33,30069387
8533,8,24,59,0,51,75553660
8534,8,24,59,1,47,55583929
8535,8,24,59,0,51,77838686
8536,7,24,56,0,48,94874721
8537,6,17,46,1,34,97002748
8538,7,24,56,0,48,26349914
8539,8,24,59,0,51,36975879
8540,7,25,57,0,49,74386578
8541,8,18,53,1,41,87563096
8542,6,18,47,0,39,68179453
8543,8,23,58,0,50,89189145
8544,7,26,58,0,50,57699598
8545,8,19,54,0,46,64939636
8546,7,23,55,1,43,50178954
8547,7,27,59,0,51,57159068
8548,7,22,54,0,46,79498871
8549,8,18,53,1,41,36558946
8550,3,15,35,0,27,57488795
8551,7,23,55,0,47,77675238
8552,8,24,59,0,51,77994949
8553,6,18,47,0,39,56803706
8554,7,27,59,0,51,31506235
8555,8,24,59,0,51,87259693
8556,4,18,41,0,33,40975449
8557,6,28,57,0,49,45814667
8558,8,22,57,0,49,05986938
8559,7,16,48,0,40,47584384
8560,7,24,56,0,48,96767562
8561,8,24,59,0,51,14895798
8562,7,16,48,0,40,81797534
8563,5,26,52,0,44,47368734
8564,8,15,50,0,42,45790658
8565,6,23,52,0,44,19660459
8566,7,17,49,1,37,49755999
8567,8,24,59,0,51,34166995
8568,5,29,55,0,47,97470688
8569,8,15,50,1,38,12952847
8570,8,24,59,1,47,67979449
8571,8,24,59,0,51,66859364
8572,8,20,55,0,47,77194997
8573,5,22,48,0,40,65108856
8574,6,15,44,0,36,64946324
8575,8,19,54,0,46,69270665
8576,8,24,59,0,51,48838587
8577,8,17,52,1,40,94591331
8578,8,19,54,1,42,75919518
8579,5,12,38,0,30,09375851
8580,8,23,58,0,50,95084890
8581,7,27,59,0,51,79589256
8582,6,27,56,0,48,66763762
8583,7,22,54,0,46,04857576
8584,8,16,51,0,43,57731279
8585,8,18,53,0,45,77330442
8586,3,16,36,0,28,24484592
8587,8,18,53,0,45,00684099
8588,7,14,46,0,38,90129064
8589,8,24,59,0,51,67672629
8590,7,21,53,0,45,96185691
8591,7,21,53,1,41,30776349
8592,5,22,48,0,40,37647474
8593,5,26,52,0,44,74346775
8594,7,27,59,0,51,17975477
8595,8,24,59,1,47,99389498
8596,8,24,59,0,51,59993967
8597,3,25,45,0,37,77798447
8598,8,17,52,0,44,36848292
8599,8,23,58,1,46,77686457
8600,7,27,59,1,47,69495408
8601,8,24,59,0,51,96149688
8602,7,21,53,0,45,07744521
8603,7,21,53,0,45,56534206
8604,8,24,59,0,51,37460979
8605,8,24,59,0,51,88595909
8606,7,21,53,0,45,73833147
8607,8,18,53,0,45,14835488
8608,7,17,49,0,41,90882517
8609,6,24,53,0,45,70861899
8610,7,16,48,1,36,39357923
8611,5,16,42,0,34,85494654
8612,6,29,58,0,50,18334339
8613,5,18,44,0,36,95701700
8614,7,21,53,1,41,87391142
8615,7,16,48,0,40,42359387
8616,7,25,57,1,45,89642746
8617,5,27,53,0,45,59674887
8618,8,21,56,0,48,45487670
8619,8,21,56,0,48,38969076
8620,7,23,55,0,47,18775236
8621,7,23,55,0,47,95717846
8622,8,21,56,0,48,53784250
8623,7,25,57,0,49,49972586
8624,6,15,44,0,36,88276893
8625,6,13,42,0,34,85763069
8626,8,24,59,0,51,27943199
8627,7,27,59,0,51,49387889
8628,5,20,46,2,30,02439888
8629,7,27,59,0,51,14664579
8630,6,24,53,0,45,99177557
8631,8,24,59,0,51,00769859
8632,8,24,59,0,51,99463854
8633,6,25,54,0,46,77486681
8634,5,12,38,0,30,78725698
8635,8,24,59,0,51,81107975
8636,8,24,59,0,51,47890383
8637,8,20,55,0,47,78526762
8638,5,30,56,0,48,49761956
8639,8,17,52,0,44,85470876
8640,3,18,38,0,30,08249285
8641,6,30,59,0,51,86918973
8642,7,19,51,0,43,01827299
8643,8,18,53,1,41,28943558
8644,8,12,47,0,39,68713294
8645,4,21,44,1,32,60395779
8646,7,23,55,0,47,80928665
8647,8,18,53,0,45,14891957
8648,8,23,58,0,50,76655616
8649,7,22,54,0,46,39956108
8650,8,17,52,1,40,31408581
8651,5,13,39,0,31,64398466
8652,8,24,59,1,47,75735845
8653,8,20,55,0,47,67759517
8654,7,25,57,0,49,71153144
8655,8,17,52,0,44,74647103
8656,8,20,55,0,47,90958615
8657,5,19,45,0,37,09066786
8658,8,20,55,0,47,67508594
8659,8,21,56,0,48,47607783
8660,8,22,57,0,49,21774766
8661,8,24,59,0,51,05575968
8662,7,27,59,0,51,95697680
8663,7,20,52,0,44,89475777
8664,8,23,58,0,50,89386880
8665,6,20,49,0,41,54747861
8666,7,22,54,0,46,96948395
8667,8,24,59,0,51,46854140
8668,8,22,57,0,49,57764666
8669,5,26,52,1,40,34675085
8670,7,21,53,0,45,52786873
8671,7,19,51,1,39,46454494
8672,6,26,55,0,47,53463449
8673,8,23,58,0,50,40158761
8674,6,19,48,1,36,59543050
8675,7,22,54,0,46,38679902
8676,6,18,47,0,39,67644135
8677,6,14,43,0,35,56457367
8678,8,19,54,0,46,48569513
8679,5,17,43,1,31,17679844
8680,5,26,52,0,44,97777897
8681,7,18,50,0,42,09341424
8682,7,26,58,0,50,54630976
8683,7,25,57,0,49,56105618
8684,8,11,46,0,38,54580541
8685,7,17,49,0,41,78795124
8686,5,15,41,0,33,42353687
8687,7,17,49,0,41,34088153
8688,7,27,59,0,51,98256648
8689,8,20,55,0,47,34956354
8690,7,24,56,0,48,58568580
8691,8,14,49,1,37,07872503
8692,8,19,54,0,46,78805566
8693,7,18,50,0,42,66487698
8694,7,14,46,0,38,68194454
8695,8,22,57,0,49,97690466
8696,8,22,57,0,49,45387853
8697,7,13,45,1,33,37488446
8698,7,10,42,0,34,94725148
8699,8,24,59,1,47,05342652
8700,8,24,59,0,51,41193155
8701,5,29,55,0,47,18217898
8702,8,24,59,0,51,46808598
8703,8,18,53,0,45,35913213
8704,8,24,59,0,51,63769989
8705,8,18,53,0,45,98749041
8706,6,14,43,0,35,59059567
8707,8,22,57,0,49,52609869
8708,8,21,56,0,48,63966636
8709,5,18,44,0,36,99883944
8710,7,25,57,0,49,74757168
8711,7,18,50,0,42,04445592
8712,6,19,48,0,40,15542585
8713,6,16,45,0,37,89059885
8714,8,19,54,0,46,48654224
8715,8,19,54,0,46,94646740
8716,8,24,59,0,51,06916740
8717,8,24,59,0,51,81945649
8718,8,13,48,0,40,37571878
8719,7,27,59,1,47,98595488
8720,8,15,50,0,42,47984328
8721,8,20,55,0,47,20930489
8722,8,24,59,1,47,39016233
8723,4,16,39,0,31,65284853
8724,7,23,55,0,47,89506807
8725,6,30,59,1,47,55856558
8726,8,23,58,1,46,73947768
8727,8,24,59,0,51,72478573
8728,8,24,59,0,51,66485517
8729,7,24,56,0,48,29808495
8730,8,20,55,0,47,85600698
8731,8,15,50,0,42,98488783
8732,8,16,51,0,43,83886106
8733,7,27,59,0,51,66857668
8734,7,18,50,0,42,80068026
8735,6,17,46,0,38,67119484
8736,6,25,54,0,46,85744250
8737,8,24,59,0,51,75505754
8738,8,19,54,1,42,85687912
8739,4,16,39,0,31,87315307
8740,5,17,43,0,35,54885988
8741,8,22,57,0,49,00585297
8742,8,21,56,0,48,11996631
8743,8,13,48,0,40,76643849
8744,8,24,59,0,51,67516757
8745,8,11,46,0,38,83816610
8746,8,23,58,0,50,96562641
8747,8,20,55,0,47,91877966
8748,7,24,56,1,44,70841956
8749,8,24,59,1,47,73638437
8750,8,19,54,0,46,89256926
8751,8,24,59,0,51,91512888
8752,4,27,50,0,42,89941410
8753,8,24,59,0,51,89829568
8754,8,20,55,0,47,18006680
8755,8,22,57,0,49,65305899
8756,8,19,54,0,46,13519285
8757,8,18,53,0,45,06458679
8758,6,17,46,1,34,45785917
8759,7,24,56,0,48,06697326
8760,7,27,59,0,51,77997550
8761,8,24,59,0,51,67346917
8762,8,23,58,1,46,48480086
8763,3,28,48,0,40,66766664
8764,8,18,53,1,41,73467968
8765,8,15,50,0,42,12586125
8766,7,27,59,0,51,93645343
8767,8,16,51,0,43,43445302
8768,8,20,55,0,47,92734935
8769,8,23,58,0,50,57599645
8770,7,20,52,0,44,00670402
8771,8,23,58,0,50,74296791
8772,6,14,43,0,35,74382766
8773,8,24,59,0,51,84919894
8774,8,20,55,0,47,21206284
8775,8,23,58,0,50,90966459
8776,7,25,57,0,49,76954538
8777,6,17,46,0,38,40158977
8778,8,24,59,0,51,61802996
8779,8,22,57,0,49,58378236
8780,7,25,57,0,49,25586286
8781,8,19,54,0,46,50795709
8782,6,24,53,0,45,95077555
8783,6,29,58,0,50,18437699
8784,6,23,52,0,44,71026980
8785,8,21,56,0,48,46812919
8786,7,18,50,0,42,84569264
8787,7,15,47,0,39,44791548
8788,8,19,54,0,46,93530544
8789,8,21,56,0,48,07645712
8790,3,22,42,0,34,75210185
8791,8,22,57,0,49,28680988
8792,8,21,56,0,48,74818815
8793,8,24,59,0,51,50988777
8794,8,24,59,0,51,70176259
8795,4,30,53,1,41,52783765
8796,4,19,42,1,30,80479974
8797,8,24,59,1,47,46966685
8798,8,14,49,1,37,07086054
8799,8,15,50,0,42,49475790
8800,7,27,59,1,47,06675724
8801,3,31,51,0,43,66460361
8802,8,20,55,0,47,63456951
8803,8,24,59,0,51,84526598
8804,6,30,59,0,51,85778467
8805,6,30,59,1,47,16878494
8806,4,21,44,0,36,65688832
8807,6,16,45,0,37,79699945
8808,8,15,50,1,38,75154489
8809,8,18,53,0,45,74947979
8810,6,14,43,0,35,47574840
8811,3,21,41,1,29,74479568
8812,6,17,46,0,38,58371066
8813,7,26,58,0,50,76191901
8814,7,23,55,0,47,84847122
8815,8,18,53,0,45,63904679
8816,7,25,57,0,49,68689199
8817,8,19,54,0,46,14905620
8818,8,10,45,0,37,30836436
8819,5,22,48,0,40,59819946
8820,8,16,51,1,39,98551567
8821,8,23,58,0,50,06916282
8822,5,19,45,1,33,80561879
8823,8,17,52,0,44,24306487
8824,7,13,45,0,37,23223849
8825,8,22,57,0,49,73563009
8826,8,24,59,0,51,35297755
8827,8,21,56,1,44,96316181
8828,8,15,50,1,38,08467676
8829,5,29,55,0,47,05648730
8830,8,23,58,0,50,72028025
8831,8,13,48,0,40,48779662
8832,8,24,59,0,51,49549009
8833,7,20,52,0,44,00445487
8834,4,24,47,0,39,87298895
8835,8,24,59,0,51,88857006
8836,7,18,50,0,42,68998943
8837,8,18,53,0,45,00165664
8838,5,20,46,0,38,57589811
8839,8,24,59,0,51,26956686
8840,7,17,49,0,41,10489827
8841,6,23,52,0,44,98787654
8842,8,20,55,0,47,44336306
8843,8,17,52,0,44,29129974
8844,4,23,46,0,38,98764975
8845,8,23,58,0,50,98739586
8846,6,16,45,0,37,40586804
8847,6,21,50,0,42,67846596
8848,8,24,59,0,51,69519074
8849,7,27,59,0,51,49175849
8850,8,24,59,0,51,85657759
8851,8,23,58,0,50,87086592
8852,7,27,59,0,51,52988923
8853,8,16,51,0,43,79585581
8854,8,23,58,1,46,95709660
8855,6,30,59,1,47,70465378
8856,8,24,59,1,47,98035569
8857,5,25,51,0,43,71482417
8858,7,22,54,0,46,63467998
8859,5,17,43,0,35,97465288
8860,8,24,59,1,47,28348982
8861,7,16,48,0,40,90646579
8862,8,21,56,0,48,46217856
8863,8,21,56,0,48,60188495
8864,6,28,57,0,49,32982781
8865,8,23,58,1,46,40567016
8866,5,21,47,0,39,68471955
8867,8,23,58,0,50,85250896
8868,8,24,59,0,51,08644899
8869,3,26,46,0,38,46965238
8870,3,15,35,0,27,96675660
8871,8,24,59,0,51,39604660
8872,4,28,51,0,43,58886296
8873,7,27,59,0,51,12564059
8874,8,18,53,0,45,09978458
8875,7,25,57,0,49,36724645
8876,8,16,51,0,43,77892130
8877,4,16,39,0,31,36927467
8878,8,24,59,0,51,62611249
8879,8,24,59,0,51,58967597
8880,8,24,59,0,51,24546335
8881,4,29,52,0,44,03067735
8882,7,27,59,0,51,58274854
8883,8,11,46,1,34,94587363
8884,6,13,42,0,34,06588879
8885,8,24,59,0,51,75960948
8886,7,20,52,0,44,25977068
8887,8,19,54,0,46,58869768
8888,5,11,37,0,29,67497864
8889,8,18,53,0,45,08685454
8890,6,13,42,0,34,91304494
8891,8,24,59,0,51,05275765
8892,6,22,51,0,43,95494845
8893,8,15,50,0,42,47740082
8894,7,27,59,0,51,09738492
8895,5,26,52,0,44,79755496
8896,8,11,46,0,38,40093285
8897,7,23,55,0,47,40829708
8898,8,18,53,1,41,45699698
8899,8,21,56,1,44,88607054
8900,8,15,50,0,42,34574378
8901,6,22,51,0,43,68888764
8902,7,17,49,0,41,57678957
8903,4,13,36,0,28,89839167
8904,7,24,56,0,48,54562112
8905,8,16,51,0,43,48805568
8906,8,15,50,0,42,07061493
8907,6,14,43,0,35,67624206
8908,4,15,38,0,30,75452770
8909,8,18,53,0,45,55644941
8910,8,24,59,0,51,26889658
8911,7,17,49,0,41,61052587
8912,8,23,58,0,50,88796504
8913,8,24,59,0,51,89829082
8914,8,22,57,0,49,49915682
8915,3,26,46,0,38,40672350
8916,6,19,48,0,40,69887880
8917,6,17,46,0,38,91952119
8918,8,17,52,0,44,62789579
8919,8,24,59,1,47,57044728
8920,8,24,59,0,51,04688853
8921,8,15,50,0,42,05490457
8922,8,24,59,0,51,87645607
8923,6,18,47,0,39,54864045
8924,5,21,47,0,39,18744997
8925,8,17,52,0,44,49095298
8926,8,24,59,0,51,00949851
8927,8,15,50,0,42,84688157
8928,7,24,56,0,48,96348248
8929,6,18,47,0,39,47640154
8930,8,24,59,0,51,68515890
8931,7,21,53,0,45,72808493
8932,6,19,48,0,40,20196827
8933,8,20,55,0,47,81234234
8934,8,24,59,0,51,32453267
8935,5,22,48,0,40,95595679
8936,7,15,47,0,39,29785601
8937,8,14,49,0,41,76287806
8938,4,14,37,0,29,68249030
8939,3,25,45,0,37,68005217
8940,8,20,55,0,47,42485623
8941,8,24,59,1,47,44281975
8942,7,13,45,0,37,77697975
8943,8,24,59,0,51,56896567
8944,8,24,59,0,51,01852986
8945,8,24,59,0,51,65572651
8946,8,18,53,1,41,16909825
8947,7,25,57,0,49,62987516
8948,4,17,40,0,32,35999969
8949,8,24,59,0,51,69619785
8950,6,18,47,0,39,98503717
8951,5,18,44,0,36,26513594
8952,8,24,59,1,47,44924060
8953,8,19,54,1,42,66459596
8954,6,17,46,0,38,95748882
8955,8,24,59,0,51,66379644
8956,7,15,47,0,39,15878672
8957,8,23,58,0,50,47771529
8958,8,24,59,0,51,56778985
8959,5,24,50,0,42,46160941
8960,4,32,55,0,47,64035278
8961,7,17,49,0,41,94989913
8962,7,20,52,0,44,67752557
8963,8,20,55,0,47,95874759
8964,6,15,44,0,36,75277935
8965,7,19,51,0,43,82474482
8966,8,24,59,0,51,29823812
8967,7,19,51,0,43,89655409
8968,7,20,52,1,40,78587681
8969,8,12,47,0,39,65526737
8970,8,21,56,0,48,72888676
8971,8,20,55,1,43,75797515
8972,8,14,49,0,41,57474429
8973,6,23,52,0,44,47268294
8974,5,18,44,0,36,96649794
8975,8,18,53,0,45,47569308
8976,6,17,46,0,38,79649199
8977,8,10,45,0,37,77569586
8978,6,21,50,0,42,13504228
8979,6,26,55,0,47,58190445
8980,7,21,53,0,45,11661364
8981,7,24,56,0,48,12469647
8982,8,19,54,0,46,05098589
8983,8,17,52,0,44,81576751
8984,8,23,58,1,46,40667890
8985,8,24,59,1,47,67254374
8986,8,24,59,0,51,33301654
8987,7,19,51,0,43,77717575
8988,6,30,59,0,51,07980579
8989,6,26,55,0,47,74843797
8990,8,21,56,0,48,81076599
8991,6,24,53,0,45,98774535
8992,8,24,59,0,51,97704417
8993,5,17,43,1,31,68254459
8994,7,16,48,1,36,45744403
8995,8,24,59,0,51,31717753
8996,7,22,54,0,46,57664550
8997,7,26,58,1,46,94877759
8998,6,12,41,0,33,58864879
8999,8,24,59,0,51,05542874
9000,8,12,47,0,39,98967695
9001,8,20,55,0,47,57464105
9002,5,24,50,0,42,61099295
9003,7,14,46,0,38,47757088
9004,7,27,59,0,51,97542678
9005,6,20,49,0,41,22244724
9006,8,24,59,0,51,94557716
9007,8,24,59,1,47,45948125
9008,4,15,38,0,30,95515292
9009,8,24,59,0,51,98765784
9010,7,27,59,0,51,65193680
9011,8,20,55,0,47,43779865
9012,7,15,47,1,35,79702595
9013,7,27,59,0,51,99658227
9014,8,21,56,1,44,85460622
9015,6,26,55,0,47,54988683
9016,8,24,59,0,51,35546663
9017,5,19,45,0,37,64488446
9018,7,27,59,0,51,22194520
9019,5,14,40,0,32,58955685
9020,5,19,45,0,37,49596872
9021,8,24,59,0,51,93197179
9022,6,26,55,1,43,48099669
9023,8,17,52,0,44,44963554
9024,6,30,59,0,51,43010481
9025,5,24,50,0,42,34331811
9026,8,18,53,0,45,77573773
9027,7,27,59,0,51,88452368
9028,8,23,58,1,46,14949880
9029,8,18,53,0,45,88607467
9030,7,25,57,0,49,38062685
9031,6,22,51,1,39,36754098
9032,8,17,52,0,44,13541866
9033,8,24,59,0,51,50697701
9034,5,25,51,0,43,88695098
9035,7,17,49,0,41,09866598
9036,4,25,48,0,40,82479473
9037,8,24,59,0,51,43449274
9038,7,14,46,0,38,72584973
9039,8,24,59,0,51,26929218
9040,5,14,40,0,32,40797387
9041,8,24,59,0,51,14166186
9042,5,17,43,0,35,99938982
9043,5,23,49,1,37,68434193
9044,6,26,55,1,43,47779878
9045,8,18,53,0,45,92344465
9046,8,24,59,0,51,82372859
9047,8,24,59,1,47,72493902
9048,7,22,54,0,46,37943932
9049,7,18,50,0,42,92642630
9050,8,24,59,0,51,29955252
9051,8,14,49,0,41,26868576
9052,7,26,58,0,50,46359050
9053,7,25,57,0,49,95905786
9054,8,24,59,0,51,50070834
9055,7,20,52,0,44,98383829
9056,7,27,59,0,51,53816255
9057,6,26,55,1,43,59346986
9058,8,19,54,0,46,99026700
9059,8,20,55,0,47,28688889
9060,8,24,59,0,51,56804755
9061,8,14,49,0,41,84523621
9062,8,20,55,0,47,38457451
9063,7,14,46,0,38,32446315
9064,7,25,57,0,49,26795584
9065,4,29,52,0,44,69556325
9066,8,24,59,1,47,84627254
9067,5,10,36,0,28,58294994
9068,7,27,59,0,51,81902528
9069,7,19,51,0,43,88555995
9070,7,18,50,0,42,42987029
9071,7,10,42,0,34,81755315
9072,8,11,46,0,38,73508507
9073,5,19,45,0,37,03511676
9074,7,15,47,0,39,78876282
9075,7,19,51,0,43,22069576
9076,8,13,48,0,40,58998978
9077,4,28,51,0,43,14613130
9078,8,10,45,0,37,25867708
9079,8,22,57,0,49,21345205
9080,6,22,51,0,43,44443857
9081,8,17,52,0,44,16629315
9082,8,24,59,0,51,48476092
9083,6,15,44,0,36,42349994
9084,8,22,57,0,49,29758418
9085,8,24,59,0,51,56638829
9086,7,15,47,0,39,25248396
9087,8,24,59,0,51,85315779
9088,8,24,59,0,51,03194774
9089,8,19,54,0,46,96666714
9090,8,17,52,1,40,39481958
9091,8,20,55,0,47,48622444
9092,8,24,59,0,51,96976772
9093,4,13,36,1,24,49773883
9094,6,18,47,0,39,14504468
9095,8,24,59,1,47,09375201
9096,8,13,48,0,40,90652675
9097,8,20,55,0,47,05653380
9098,8,24,59,1,47,78396653
9099,8,17,52,0,44,79468949
9100,4,15,38,0,30,77499557
9101,7,14,46,0,38,98178757
9102,7,22,54,0,46,67723756
9103,7,27,59,0,51,88935448
9104,8,15,50,0,42,47770537
9105,8,24,59,0,51,83666458
9106,8,24,59,0,51,80752524
9107,7,21,53,1,41,79977328
9108,7,21,53,1,41,72557766
9109,6,16,45,0,37,61633449
9110,8,18,53,0,45,52045418
9111,6,13,42,0,34,28988978
9112,8,20,55,0,47,29586571
9113,8,24,59,0,51,17789965
9114,8,14,49,0,41,46849657
9115,7,26,58,1,46,66800579
9116,8,24,59,0,51,84905429
9117,4,21,44,0,36,55646625
9118,8,23,58,0,50,84449586
9119,6,28,57,0,49,82086669
9120,5,21,47,0,39,92306625
9121,8,23,58,0,50,57469930
9122,8,24,59,1,47,91150860
9123,7,14,46,0,38,97383445
9124,8,14,49,0,41,42489854
9125,8,24,59,1,47,48618444
9126,6,26,55,0,47,94479584
9127,7,24,56,0,48,44772203
9128,8,13,48,0,40,78467756
9129,8,24,59,0,51,39644769
9130,7,15,47,0,39,84832956
9131,5,10,36,0,28,17883634
9132,6,29,58,0,50,67667429
9133,8,21,56,0,48,58438779
9134,8,23,58,0,50,61095285
9135,8,24,59,0,51,74644488
9136,8,23,58,1,46,49957796
9137,6,19,48,0,40,79590235
9138,6,26,55,0,47,74777448
9139,7,18,50,0,42,18371668
9140,8,19,54,0,46,96734421
9141,8,15,50,0,42,17868795
9142,8,17,52,0,44,48677864
9143,8,18,53,0,45,32204844
9144,6,20,49,0,41,33597946
9145,8,16,51,1,39,88575808
9146,6,18,47,1,35,77744576
9147,7,21,53,0,45,10189704
9148,8,24,59,0,51,96008266
9149,7,18,50,0,42,88465815
9150,6,16,45,0,37,47995663
9151,6,23,52,1,40,98098599
9152,7,14,46,0,38,71740889
9153,6,22,51,0,43,61845690
9154,8,19,54,0,46,33570189
9155,7,18,50,0,42,07351711
9156,8,24,59,0,51,98897379
9157,7,18,50,1,38,40279470
9158,7,22,54,0,46,89434684
9159,8,24,59,0,51,89988276
9160,6,18,47,0,39,65601585
9161,8,20,55,1,43,70178144
9162,8,23,58,0,50,92836845
9163,8,24,59,0,51,57659487
9164,8,24,59,0,51,09044036
9165,8,22,57,0,49,39251621
9166,8,24,59,0,51,39742971
9167,8,24,59,0,51,67894787
9168,8,24,59,0,51,77987973
9169,8,19,54,0,46,68787973
9170,8,24,59,0,51,39994779
9171,8,23,58,1,46,58666891
9172,7,16,48,1,36,58590969
9173,8,18,53,1,41,13337906
9174,4,12,35,0,27,91288167
9175,8,24,59,1,47,76712503
9176,6,24,53,0,45,94772447
9177,4,27,50,0,42,96155454
9178,8,24,59,0,51,82856272
9179,8,16,51,1,39,60787999
9180,8,24,59,0,51,77503168
9181,8,24,59,0,51,38019874
9182,7,17,49,0,41,68418933
9183,8,13,48,1,36,89264770
9184,8,12,47,0,39,86434259
9185,8,24,59,0,51,28460578
9186,5,16,42,1,30,14454656
9187,7,11,43,0,35,74951497
9188,8,20,55,0,47,63597309
9189,6,19,48,0,40,87277045
9190,7,26,58,0,50,40942468
9191,8,21,56,0,48,38422148
9192,7,14,46,0,38,89824516
9193,7,27,59,0,51,38945484
9194,4,22,45,0,37,66983343
9195,4,16,39,0,31,28989386
9196,5,13,39,0,31,91605434
9197,8,17,52,0,44,14355778
9198,8,24,59,0,51,29871727
9199,7,12,44,0,36,60696728
9200,7,10,42,0,34,94799037
9201,8,21,56,1,44,52287726
9202,7,27,59,0,51,38437896
9203,8,24,59,1,47,98790507
9204,8,12,47,0,39,54376273
9205,6,20,49,0,41,36526150
9206,7,27,59,0,51,64594601
9207,8,19,54,0,46,56828517
9208,7,27,59,0,51,07961490
9209,7,24,56,0,48,64692874
9210,8,24,59,0,51,36129488
9211,8,24,59,1,47,21995755
9212,8,24,59,0,51,06555686
9213,8,12,47,0,39,49087484
9214,7,19,51,0,43,93678553
9215,8,18,53,0,45,87593401
9216,8,24,59,0,51,81568866
9217,6,27,56,1,44,07445048
9218,4,20,43,0,35,56586568
9219,6,17,46,0,38,82515767
9220,8,24,59,1,47,58116838
9221,7,12,44,0,36,31828637
9222,6,24,53,0,45,88577590
9223,6,21,50,0,42,29831463
9224,8,24,59,0,51,50679954
9225,6,19,48,0,40,19080016
9226,7,26,58,0,50,21141360
9227,5,13,39,1,27,35364948
9228,7,16,48,0,40,59728685
9229,8,24,59,0,51,94049993
9230,8,24,59,0,51,79757040
9231,8,17,52,0,44,99799577
9232,8,16,51,0,43,34674498
9233,7,20,52,0,44,28468584
9234,8,16,51,0,43,45367047
9235,6,22,51,0,43,78688970
9236,8,24,59,0,51,67925449
9237,7,20,52,0,44,49976590
9238,8,22,57,0,49,79685075
9239,8,21,56,0,48,32967491
9240,8,24,59,0,51,68666631
9241,5,22,48,0,40,38377655
9242,8,24,59,0,51,89656154
9243,8,24,59,0,51,53058877
9244,6,23,52,0,44,41679780
9245,5,12,38,0,30,39508888
9246,8,17,52,0,44,68444808
9247,7,19,51,0,43,59694898
9248,7,12,44,1,32,04332484
9249,7,26,58,0,50,85684830
9250,8,24,59,0,51,24436677
9251,7,27,59,0,51,12241196
9252,7,27,59,1,47,93483744
9253,8,15,50,0,42,48371950
9254,7,24,56,0,48,74866342
9255,7,14,46,0,38,88856489
9256,7,20,52,0,44,60779465
9257,8,16,51,0,43,55648575
9258,7,27,59,0,51,88859098
9259,8,24,59,0,51,27779486
9260,8,24,59,0,51,39649999
9261,6,24,53,0,45,54641758
9262,7,14,46,0,38,24814579
9263,5,25,51,0,43,91375454
9264,8,20,55,0,47,71144991
9265,8,24,59,0,51,79455138
9266,7,15,47,0,39,56470011
9267,4,20,43,0,35,86971291
9268,8,22,57,0,49,95284189
9269,8,20,55,0,47,11941641
9270,6,19,48,1,36,81994557
9271,7,27,59,0,51,54738085
9272,8,14,49,0,41,42856544
9273,8,24,59,0,51,70512498
9274,7,21,53,0,45,98090773
9275,7,13,45,0,37,56127936
9276,8,24,59,0,51,15090989
9277,7,22,54,0,46,96586879
9278,8,18,53,0,45,88748854
9279,6,29,58,0,50,99801044
9280,5,17,43,0,35,86685877
9281,8,24,59,0,51,30444694
9282,8,11,46,0,38,64599800
9283,8,24,59,0,51,85075477
9284,6,15,44,0,36,37592586
9285,7,16,48,0,40,96444951
9286,7,26,58,0,50,87665455
9287,8,23,58,0,50,97432959
9288,7,27,59,0,51,12651196
9289,5,11,37,0,29,39820487
9290,7,24,56,0,48,57805944
9291,7,27,59,0,51,72572737
9292,8,20,55,0,47,68954368
9293,8,14,49,1,37,40908558
9294,7,27,59,0,51,58165569
9295,4,31,54,0,46,53244548
9296,8,20,55,0,47,02468607
9297,8,20,55,1,43,90899751
9298,8,15,50,0,42,55724997
9299,7,15,47,0,39,03953844
9300,8,22,57,0,49,52384463
9301,7,16,48,0,40,85437987
9302,7,25,57,0,49,87566359
9303,6,29,58,1,46,46428178
9304,8,23,58,0,50,67563300
9305,7,20,52,0,44,57518023
9306,7,15,47,3,27,94685387
9307,8,20,55,0,47,78052273
9308,8,14,49,0,41,79306911
9309,8,19,54,0,46,99478856
9310,6,30,59,1,47,74476221
9311,8,12,47,0,39,96478776
9312,8,13,48,0,40,47565978
9313,7,21,53,0,45,68580429
9314,8,24,59,0,51,33155779
9315,7,27,59,0,51,17099735
9316,8,17,52,0,44,93734287
9317,6,26,55,0,47,33494967
9318,7,19,51,0,43,03886296
9319,7,13,45,0,37,79448887
9320,8,21,56,0,48,74549846
9321,4,30,53,1,41,00596457
9322,8,23,58,0,50,99915434
9323,7,23,55,1,43,97245974
9324,8,24,59,0,51,73577534
9325,7,16,48,0,40,90844952
9326,6,16,45,0,37,26278626
9327,8,16,51,0,43,48860796
9328,7,13,45,0,37,68147001
9329,8,11,46,1,34,53889277
9330,4,21,44,0,36,33079859
9331,8,21,56,0,48,07561445
9332,4,25,48,0,40,95965646
9333,8,24,59,0,51,92006657
9334,7,25,57,0,49,55980402
9335,8,12,47,0,39,78975305
9336,4,26,49,0,41,76883997
9337,6,29,58,0,50,70869746
9338,5,24,50,0,42,27257829
9339,8,24,59,0,51,77454026
9340,8,22,57,0,49,94895168
9341,8,14,49,0,41,81754488
9342,8,16,51,0,43,52989139
9343,7,15,47,0,39,61535496
9344,8,18,53,0,45,95339506
9345,8,24,59,0,51,49456649
9346,7,26,58,0,50,70675426
9347,8,23,58,0,50,55581888
9348,5,22,48,0,40,46030574
9349,6,24,53,0,45,76650148
9350,5,20,46,0,38,44469757
9351,8,17,52,0,44,90956577
9352,8,11,46,0,38,88708606
9353,5,19,45,0,37,14984872
9354,8,18,53,0,45,96647005
9355,8,24,59,0,51,05980885
9356,8,24,59,0,51,79079539
9357,8,13,48,0,40,84647707
9358,8,16,51,1,39,82508228
9359,5,15,41,0,33,90374263
9360,7,16,48,1,36,57599573
9361,8,24,59,0,51,36856116
9362,8,14,49,0,41,57113849
9363,7,14,46,1,34,27084872
9364,8,18,53,0,45,98379959
9365,8,19,54,0,46,60617018
9366,7,17,49,0,41,44600477
9367,8,24,59,0,51,69662627
9368,8,24,59,0,51,50034890
9369,8,24,59,0,51,69962939
9370,8,15,50,0,42,15613698
9371,8,24,59,0,51,23598055
9372,8,22,57,0,49,57416969
9373,6,20,49,0,41,86790908
9374,8,17,52,0,44,01478266
9375,8,19,54,0,46,73682414
9376,8,24,59,0,51,47455407
9377,7,19,51,1,39,64179565
9378,6,20,49,0,41,44678416
9379,6,27,56,1,44,63229808
9380,8,19,54,0,46,85954772
9381,7,19,51,0,43,95810997
9382,8,24,59,1,47,83542627
9383,8,19,54,0,46,56935824
9384,6,18,47,0,39,50934744
9385,6,25,54,2,38,96725648
9386,8,10,45,0,37,11429285
9387,7,27,59,0,51,86588055
9388,8,23,58,0,50,73441676
9389,7,20,52,0,44,58773936
9390,8,12,47,0,39,23962993
9391,6,16,45,0,37,88141449
9392,7,18,50,1,38,54998936
9393,6,28,57,0,49,84866940
9394,8,21,56,0,48,31644063
9395,6,28,57,1,45,76599510
9396,8,24,59,0,51,72279477
9397,7,23,55,0,47,32607048
9398,8,21,56,0,48,16642516
9399,8,24,59,0,51,58247627
9400,8,22,57,0,49,39784748
9401,6,26,55,0,47,40775852
9402,7,15,47,0,39,46659876
9403,5,17,43,0,35,74578936
9404,8,24,59,1,47,29745804
9405,8,24,59,0,51,27673236
9406,7,27,59,0,51,59284858
9407,7,20,52,0,44,74751956
9408,8,23,58,1,46,76448716
9409,8,19,54,0,46,27752645
9410,5,22,48,0,40,83548959
9411,7,16,48,0,40,45564307
9412,8,15,50,0,42,04585541
9413,6,13,42,0,34,04088908
9414,8,16,51,0,43,27558967
9415,7,27,59,0,51,17151062
9416,8,24,59,0,51,18508494
9417,5,19,45,0,37,34604104
9418,8,19,54,0,46,47389364
9419,8,17,52,0,44,41128729
9420,7,27,59,1,47,51859337
9421,6,23,52,0,44,04691852
9422,8,14,49,0,41,38674880
9423,6,22,51,0,43,26463843
9424,7,20,52,0,44,34820836
9425,4,19,42,0,34,75246778
9426,5,22,48,0,40,99489906
9427,8,23,58,0,50,93249801
9428,8,24,59,0,51,32828570
9429,8,24,59,0,51,47946677
9430,7,23,55,0,47,40638357
9431,7,19,51,0,43,64705656
9432,8,17,52,0,44,92230174
9433,8,18,53,1,41,09842817
9434,7,11,43,0,35,51754785
9435,8,15,50,0,42,49493669
9436,4,23,46,0,38,48386726
9437,8,17,52,0,44,50545904
9438,4,30,53,0,45,77895408
9439,8,22,57,0,49,86265873
9440,8,11,46,0,38,61455056
9441,5,23,49,0,41,52885883
9442,7,21,53,0,45,27997425
9443,8,24,59,0,51,29159010
9444,6,24,53,0,45,68954086
9445,8,24,59,0,51,13387848
9446,8,18,53,0,45,38446574
9447,7,24,56,0,48,25547197
9448,6,23,52,0,44,23352958
9449,4,15,38,0,30,49924991
9450,8,24,59,0,51,85198527
9451,7,19,51,0,43,27944675
9452,8,24,59,0,51,70146498
9453,7,18,50,0,42,97477933
9454,7,11,43,0,35,01795689
9455,8,18,53,0,45,06947309
9456,8,24,59,0,51,59774627
9457,4,21,44,1,32,74547552
9458,8,19,54,0,46,17970555
9459,8,17,52,0,44,59024952
9460,6,14,43,0,35,79947814
9461,8,24,59,0,51,78939576
9462,4,26,49,1,37,44687781
9463,7,22,54,0,46,77767483
9464,7,19,51,0,43,98549398
9465,8,22,57,0,49,67454479
9466,6,22,51,0,43,48916377
9467,8,24,59,1,47,57873571
9468,7,21,53,0,45,19406787
9469,7,19,51,0,43,28094911
9470,8,13,48,0,40,74565290
9471,8,19,54,0,46,56145938
9472,7,22,54,0,46,42442495
9473,8,23,58,0,50,58930919
9474,6,13,42,1,30,47774030
9475,8,20,55,0,47,66771773
9476,8,15,50,0,42,90394682
9477,8,24,59,0,51,64415737
9478,8,18,53,0,45,86810507
9479,7,27,59,1,47,56185552
9480,7,20,52,0,44,13955016
9481,6,18,47,0,39,60290439
9482,8,16,51,0,43,23254408
9483,8,24,59,0,51,12022560
9484,6,17,46,0,38,16919565
9485,7,17,49,0,41,56047315
9486,8,16,51,0,43,52692969
9487,8,22,57,0,49,47780348
9488,8,23,58,0,50,01480425
9489,6,25,54,0,46,50652180
9490,7,19,51,0,43,58984956
9491,6,15,44,0,36,29658652
9492,4,23,46,1,34,70467831
9493,8,15,50,0,42,93150257
9494,5,22,48,1,36,88318988
9495,8,24,59,0,51,98254968
9496,8,20,55,0,47,12160081
9497,8,12,47,0,39,63569793
9498,8,24,59,0,51,94295126
9499,8,13,48,0,40,57564537
9500,4,20,43,0,35,95862524
9501,4,26,49,0,41,68145978
9502,8,21,56,1,44,66679900
9503,5,15,41,0,33,63426484
9504,6,20,49,0,41,47750810
9505,7,13,45,0,37,95389429
9506,5,27,53,0,45,45953658
9507,8,12,47,0,39,59143667
9508,6,28,57,0,49,68197250
9509,8,23,58,0,50,83510577
9510,7,20,52,0,44,58263686
9511,7,27,59,0,51,89952375
9512,8,19,54,0,46,68544204
9513,7,18,50,0,42,75725947
9514,8,18,53,0,45,06457984
9515,8,21,56,0,48,81794884
9516,8,23,58,0,50,97992357
9517,8,24,59,0,51,65718374
9518,6,23,52,0,44,18426066
9519,7,14,46,0,38,79771999
9520,4,24,47,0,39,39734876
9521,8,21,56,1,44,71766964
9522,8,11,46,0,38,20842360
9523,7,19,51,0,43,55189085
9524,5,27,53,0,45,91520448
9525,5,18,44,0,36,05419649
9526,6,30,59,1,47,46457570
9527,8,16,51,0,43,60869791
9528,8,14,49,0,41,57453383
9529,8,24,59,0,51,48299489
9530,8,24,59,0,51,43552571
9531,6,29,58,0,50,62246502
9532,5,20,46,0,38,77841988
9533,8,24,59,0,51,08565547
9534,8,13,48,0,40,39826659
9535,8,18,53,0,45,59934344
9536,8,21,56,0,48,68588165
9537,8,18,53,0,45,94972944
9538,8,23,58,0,50,52899364
9539,7,14,46,0,38,42194782
9540,8,24,59,1,47,59275772
9541,8,24,59,0,51,20416847
9542,6,30,59,0,51,67530646
9543,8,24,59,0,51,82595897
9544,8,14,49,0,41,07526861
9545,8,18,53,0,45,95785845
9546,8,24,59,0,51,39578508
9547,7,15,47,0,39,51927697
9548,8,24,59,1,47,88055464
9549,7,25,57,0,49,57724814
9550,6,26,55,1,43,60518578
9551,7,17,49,0,41,44998265
9552,6,18,47,0,39,00928599
9553,8,24,59,0,51,40661057
9554,5,24,50,0,42,67195541
9555,6,24,53,0,45,56189292
9556,8,20,55,1,43,76885084
9557,8,24,59,0,51,96268787
9558,8,24,59,0,51,38785925
9559,6,15,44,0,36,62974801
9560,4,17,40,0,32,15187398
9561,8,23,58,0,50,23845474
9562,8,16,51,0,43,95645085
9563,5,24,50,0,42,84545042
9564,8,22,57,0,49,87018004
9565,7,25,57,0,49,03034786
9566,6,30,59,1,47,73846978
9567,8,13,48,0,40,16787702
9568,8,23,58,0,50,84250095
9569,6,18,47,0,39,87558567
9570,5,21,47,0,39,56717078
9571,6,28,57,0,49,57973735
9572,7,26,58,0,50,62688799
9573,8,19,54,0,46,05065958
9574,6,24,53,0,45,85574545
9575,7,21,53,0,45,19551354
9576,7,14,46,1,34,66780847
9577,6,21,50,0,42,67987136
9578,6,24,53,0,45,96119599
9579,8,15,50,1,38,65000191
9580,8,21,56,0,48,53800641
9581,8,17,52,0,44,93967444
9582,6,22,51,0,43,95758892
9583,8,17,52,0,44,77518083
9584,7,17,49,0,41,79987766
9585,8,24,59,0,51,96579690
9586,8,10,45,0,37,91576745
9587,8,22,57,0,49,49468435
9588,7,19,51,0,43,95378848
9589,8,20,55,0,47,28399672
9590,6,20,49,0,41,74595930
9591,8,15,50,1,38,09530606
9592,8,23,58,0,50,69552164
9593,8,16,51,0,43,62678129
9594,4,24,47,0,39,12858626
9595,8,16,51,0,43,74276740
9596,8,22,57,0,49,55561867
9597,8,24,59,0,51,59847049
9598,8,18,53,0,45,64366994
9599,7,18,50,0,42,79097177
9600,8,16,51,0,43,95548672
9601,4,21,44,0,36,34873997
9602,8,16,51,0,43,57311517
9603,8,24,59,0,51,89064281
9604,8,12,47,0,39,34804488
9605,8,18,53,1,41,86419476
9606,8,14,49,0,41,91371245
9607,7,10,42,0,34,84492394
9608,7,21,53,0,45,68468460
9609,6,21,50,1,38,14044591
9610,6,20,49,0,41,77958477
9611,8,20,55,0,47,97557464
9612,5,20,46,0,38,42849715
9613,8,14,49,0,41,87069720
9614,8,18,53,0,45,74777062
9615,6,16,45,0,37,12895474
9616,5,24,50,0,42,64296195
9617,5,21,47,1,35,97299669
9618,6,18,47,0,39,28684244
9619,8,18,53,1,41,69860956
9620,8,20,55,1,43,76776379
9621,8,24,59,1,47,65777755
9622,7,15,47,0,39,66987605
9623,5,21,47,0,39,72553587
9624,7,20,52,0,44,36095688
9625,6,18,47,0,39,89510793
9626,7,13,45,0,37,44794865
9627,8,11,46,0,38,99707889
9628,8,24,59,0,51,94838822
9629,8,24,59,0,51,60771759
9630,7,23,55,1,43,56218436
9631,8,21,56,0,48,77687745
9632,7,27,59,0,51,63259324
9633,4,27,50,1,38,22355826
9634,7,23,55,0,47,58830545
9635,7,23,55,0,47,06435020
9636,8,13,48,0,40,45408509
9637,7,20,52,0,44,70634457
9638,8,24,59,0,51,55489448
9639,8,22,57,2,41,49644648
9640,8,24,59,0,51,04508266
9641,6,20,49,0,41,26374974
9642,8,18,53,0,45,71724819
9643,8,24,59,0,51,17849797
9644,7,16,48,1,36,98656884
9645,7,22,54,0,46,14080644
9646,8,14,49,0,41,78482760
9647,8,23,58,0,50,86697858
9648,8,19,54,1,42,47696794
9649,8,21,56,0,48,34072899
9650,6,30,59,0,51,34847588
9651,8,13,48,0,40,71624317
9652,6,17,46,0,38,59395287
9653,8,20,55,0,47,74752388
9654,8,24,59,1,47,09899775
9655,6,18,47,0,39,38089764
9656,7,15,47,0,39,85467994
9657,8,20,55,1,43,38623143
9658,8,18,53,0,45,55858738
9659,8,19,54,0,46,42835965
9660,8,17,52,0,44,17088646
9661,7,26,58,0,50,95998795
9662,8,23,58,0,50,52648363
9663,6,14,43,0,35,88095447
9664,7,20,52,0,44,87616757
9665,7,27,59,0,51,84934689
9666,7,13,45,0,37,56755785
9667,8,13,48,0,40,89971578
9668,4,17,40,1,28,78988593
9669,8,21,56,1,44,40098568
9670,6,20,49,0,41,66866728
9671,8,24,59,0,51,11488946
9672,8,24,59,1,47,16536015
9673,8,24,59,0,51,99815870
9674,8,22,57,0,49,93854526
9675,7,20,52,1,40,10558983
9676,8,14,49,0,41,75054886
9677,8,24,59,0,51,81850283
9678,8,13,48,0,40,78525695
9679,8,15,50,0,42,19699669
9680,7,27,59,1,47,89875028
9681,8,19,54,0,46,33365506
9682,7,13,45,0,37,30492519
9683,7,23,55,0,47,85852489
9684,7,24,56,0,48,73448527
9685,5,24,50,1,38,68659747
9686,8,24,59,0,51,42224856
9687,7,27,59,0,51,71795988
9688,8,16,51,0,43,08364671
9689,6,24,53,1,41,08561565
9690,8,24,59,0,51,18156689
9691,7,25,57,0,49,81911696
9692,6,14,43,0,35,92208257
9693,8,24,59,0,51,85189486
9694,7,24,56,1,44,55163507
9695,8,24,59,0,51,66346753
9696,8,18,53,0,45,92618472
9697,7,22,54,0,46,65891756
9698,8,13,48,0,40,46687084
9699,7,20,52,0,44,75243476
9700,6,21,50,0,42,78744315
9701,8,24,59,0,51,71454989
9702,8,13,48,0,40,58863462
9703,8,24,59,0,51,24915483
9704,8,24,59,0,51,68502969
9705,8,24,59,0,51,38554442
9706,8,13,48,0,40,55436664
9707,8,24,59,0,51,14521137
9708,8,18,53,0,45,80758851
9709,6,25,54,0,46,36167845
9710,5,18,44,0,36,74846146
9711,7,15,47,0,39,89961384
9712,6,17,46,0,38,80858296
9713,7,16,48,0,40,59631737
9714,8,14,49,0,41,80794076
9715,8,24,59,0,51,65749544
9716,8,18,53,0,45,86691976
9717,8,13,48,0,40,90426196
9718,6,19,48,0,40,67884823
9719,5,11,37,0,29,86711335
9720,6,23,52,0,44,66459944
9721,4,13,36,1,24,70818896
9722,8,17,52,0,44,91284749
9723,8,22,57,0,49,28686186
9724,8,24,59,0,51,36176194
9725,7,26,58,0,50,94667154
9726,8,17,52,0,44,39301972
9727,6,10,39,0,31,70649000
9728,8,24,59,0,51,68745584
9729,6,26,55,0,47,80866648
9730,8,18,53,0,45,19957770
9731,8,24,59,0,51,44098549
9732,5,10,36,0,28,79976266
9733,7,21,53,0,45,92428336
9734,8,18,53,0,45,13822742
9735,8,16,51,0,43,14649982
9736,8,24,59,0,51,45993743
9737,6,21,50,0,42,45294968
9738,6,23,52,0,44,99104379
9739,8,21,56,0,48,13679684
9740,6,23,52,1,40,46845033
9741,7,13,45,1,33,32378869
9742,6,16,45,0,37,95188941
9743,4,19,42,0,34,91066965
9744,8,13,48,1,36,56045929
9745,8,23,58,0,50,08469882
9746,8,13,48,0,40,89698773
9747,7,20,52,0,44,88657089
9748,7,17,49,0,41,27826866
9749,5,18,44,0,36,71783898
9750,8,24,59,0,51,32646198
9751,8,13,48,0,40,18492948
9752,5,20,46,0,38,25857481
9753,8,20,55,0,47,05648848
9754,7,22,54,1,42,56940625
9755,8,18,53,0,45,13453457
9756,8,18,53,0,45,43386770
9757,6,30,59,0,51,57556975
9758,6,20,49,0,41,89505191
9759,8,24,59,0,51,89977807
9760,8,23,58,1,46,78765912
9761,7,22,54,0,46,84151992
9762,7,21,53,2,37,07213347
9763,8,24,59,0,51,94869604
9764,8,18,53,1,41,88397562
9765,4,17,40,0,32,96529618
9766,8,13,48,0,40,78930906
9767,7,16,48,0,40,59601869
9768,8,23,58,0,50,69272584
9769,8,16,51,0,43,50794752
9770,8,17,52,0,44,79255558
9771,7,24,56,2,40,45774598
9772,5,25,51,0,43,11643904
9773,5,12,38,1,26,80357860
9774,7,23,55,0,47,37852569
9775,8,24,59,0,51,39613474
9776,5,25,51,0,43,95682299
9777,8,24,59,0,51,73486595
9778,5,27,53,1,41,07657475
9779,4,16,39,0,31,52016971
9780,7,19,51,1,39,26808334
9781,8,15,50,0,42,57851926
9782,8,24,59,1,47,82495517
9783,7,18,50,0,42,71843299
9784,8,24,59,0,51,44467917
9785,8,16,51,0,43,49457257
9786,8,24,59,0,51,86970965
9787,6,20,49,0,41,31485852
9788,7,17,49,0,41,27641606
9789,4,16,39,0,31,50497591
9790,8,23,58,0,50,48814664
9791,5,28,54,0,46,06938566
9792,8,17,52,0,44,95429902
9793,8,24,59,0,51,41688597
9794,8,23,58,0,50,47609500
9795,8,24,59,1,47,90897575
9796,7,25,57,0,49,86440613
9797,6,26,55,1,43,62645955
9798,8,24,59,0,51,42817086
9799,7,20,52,0,44,17800768
9800,8,16,51,0,43,14694443
9801,8,17,52,1,40,89957436
9802,7,27,59,0,51,46899267
9803,8,23,58,1,46,41286404
9804,7,19,51,0,43,66984769
9805,8,24,59,0,51,76726071
9806,8,24,59,0,51,36611724
9807,7,16,48,1,36,89913391
9808,7,22,54,0,46,82603948
9809,8,24,59,0,51,84075975
9810,8,21,56,0,48,81536574
9811,6,23,52,0,44,98530587
9812,8,23,58,0,50,30881843
9813,6,23,52,0,44,75806668
9814,8,24,59,1,47,62524207
9815,8,17,52,0,44,17987966
9816,8,19,54,0,46,49444829
9817,8,17,52,0,44,39569813
9818,8,17,52,0,44,98477612
9819,8,19,54,0,46,19816449
9820,7,26,58,0,50,99399684
9821,7,26,58,1,46,14549319
9822,7,26,58,0,50,55851867
9823,7,21,53,0,45,37900992
9824,7,19,51,0,43,94661411
9825,7,26,58,0,50,93075250
9826,8,24,59,0,51,77878416
9827,8,20,55,0,47,28566940
9828,8,24,59,0,51,86349592
9829,8,24,59,0,51,85165570
9830,5,23,49,0,41,10964549
9831,8,15,50,0,42,45432038
9832,8,14,49,0,41,75494547
9833,8,11,46,0,38,64966789
9834,6,26,55,0,47,95584477
9835,8,24,59,0,51,50958848
9836,8,24,59,0,51,46425481
9837,4,24,47,0,39,74563986
9838,8,21,56,0,48,61141880
9839,8,23,58,0,50,47884670
9840,8,21,56,0,48,65986752
9841,8,19,54,0,46,17464603
9842,8,17,52,1,40,38468661
9843,7,21,53,0,45,61685375
9844,8,15,50,0,42,60766780
9845,8,24,59,2,43,75277463
9846,8,16,51,0,43,58465507
9847,7,20,52,0,44,13411048
9848,8,24,59,0,51,88255472
9849,6,21,50,0,42,89805570
9850,8,18,53,1,41,47589531
9851,7,14,46,0,38,50784766
9852,7,22,54,0,46,84010282
9853,8,22,57,0,49,28489345
9854,8,24,59,1,47,48618756
9855,6,19,48,0,40,15132759
9856,8,11,46,0,38,59352246
9857,6,25,54,0,46,50877669
9858,8,20,55,0,47,08674091
9859,6,25,54,0,46,98545795
9860,7,17,49,0,41,65893186
9861,8,20,55,0,47,75855555
9862,8,24,59,0,51,62898019
9863,8,18,53,0,45,54475194
9864,7,15,47,0,39,25449887
9865,7,18,50,0,42,98364720
9866,8,21,56,0,48,96576679
9867,7,20,52,0,44,50668354
9868,5,18,44,0,36,67052472
9869,8,24,59,0,51,79292776
9870,5,17,43,1,31,46421581
9871,8,13,48,0,40,98776491
9872,6,18,47,0,39,80560580
9873,8,12,47,0,39,89119577
9874,8,14,49,0,41,66851618
9875,8,24,59,0,51,95216922
9876,8,24,59,0,51,82295576
9877,8,18,53,0,45,45007311
9878,8,16,51,0,43,89817577
9879,6,24,53,0,45,29495753
9880,8,24,59,0,51,48997704
9881,8,13,48,0,40,94271707
9882,7,17,49,0,41,65975994
9883,6,28,57,0,49,99555691
9884,8,24,59,0,51,64337341
9885,6,18,47,0,39,24572104
9886,8,14,49,0,41,68236915
9887,6,13,42,0,34,76679675
9888,7,25,57,1,45,62847919
9889,6,19,48,1,36,97636979
9890,7,16,48,0,40,27006755
9891,7,11,43,0,35,41167558
9892,8,22,57,0,49,31403354
9893,7,23,55,0,47,54894691
9894,6,13,42,0,34,65678996
9895,6,22,51,0,43,66161476
9896,8,22,57,0,49,75140584
9897,5,18,44,0,36,94191865
9898,6,29,58,0,50,27798267
9899,7,26,58,0,50,82109192
9900,8,21,56,1,44,77201697
9901,5,19,45,0,37,96964813
9902,7,19,51,0,43,25588683
9903,8,24,59,0,51,64876780
9904,8,24,59,0,51,25788737
9905,6,25,54,0,46,74196477
9906,5,27,53,0,45,65809717
9907,8,12,47,0,39,36085394
9908,8,24,59,0,51,80051747
9909,6,23,52,0,44,17969758
9910,7,20,52,0,44,84347524
9911,6,24,53,0,45,28096662
9912,8,24,59,0,51,87534273
9913,7,27,59,0,51,84514894
9914,7,23,55,0,47,49319967
9915,8,24,59,0,51,94186599
9916,8,15,50,0,42,02950167
9917,8,13,48,0,40,06194527
9918,8,13,48,0,40,94846273
9919,6,23,52,0,44,18552649
9920,8,23,58,0,50,38899730
9921,6,15,44,0,36,11365746
9922,8,17,52,0,44,21344746
9923,5,31,57,0,49,55242264
9924,8,16,51,1,39,38289798
9925,7,23,55,0,47,63629465
9926,8,19,54,0,46,39954729
9927,8,10,45,1,33,46905676
9928,6,14,43,0,35,21955871
9929,8,24,59,0,51,17530487
9930,5,11,37,0,29,76829134
9931,8,15,50,0,42,58397108
9932,5,22,48,0,40,69797796
9933,5,12,38,0,30,34181556
9934,7,20,52,0,44,66645939
9935,7,12,44,1,32,63762894
9936,8,24,59,0,51,23985509
9937,8,13,48,1,36,32957707
9938,7,25,57,0,49,62846426
9939,8,15,50,0,42,87184834
9940,8,24,59,0,51,15194347
9941,8,24,59,0,51,58630996
9942,7,19,51,0,43,28589974
9943,8,24,59,0,51,99075646
9944,7,14,46,0,38,53658501
9945,8,24,59,0,51,79563990
9946,8,24,59,0,51,71773004
9947,7,23,55,1,43,89806675
9948,6,23,52,0,44,88194573
9949,8,23,58,0,50,89778869
9950,8,19,54,0,46,95088775
9951,4,23,46,0,38,60419979
9952,8,24,59,0,51,50444454
9953,8,24,59,2,43,08620591
9954,6,16,45,0,37,77114955
9955,7,16,48,0,40,22485565
9956,8,24,59,0,51,49456558
9957,4,28,51,0,43,66886890
9958,8,18,53,1,41,55670266
9959,8,23,58,0,50,38476525
9960,8,24,59,0,51,07417077
9961,7,26,58,0,50,36859672
9962,8,24,59,1,47,96895466
9963,8,17,52,0,44,04534551
9964,8,18,53,0,45,48967865
9965,4,16,39,0,31,47570233
9966,7,16,48,0,40,64687881
9967,8,20,55,1,43,82476085
9968,8,23,58,0,50,61924988
9969,4,21,44,0,36,76619822
9970,8,24,59,0,51,17434749
9971,6,24,53,0,45,89214686
9972,6,24,53,0,45,88027484
9973,8,17,52,0,44,27598886
9974,5,27,53,0,45,09938885
9975,4,23,46,0,38,29498932
9976,8,12,47,0,39,39434686
9977,7,27,59,0,51,58936906
9978,8,24,59,0,51,78842907
9979,8,19,54,0,46,54824470
9980,8,21,56,1,44,43291505
9981,8,17,52,1,40,57294854
9982,7,26,58,0,50,57688587
9983,7,27,59,0,51,74022767
9984,6,28,57,0,49,14989165
9985,8,19,54,0,46,28876577
9986,7,27,59,0,51,54958817
9987,7,18,50,0,42,45667763
9988,8,24,59,0,51,59858284
9989,8,24,59,0,51,28970535
9990,8,19,54,0,46,16064914
9991,6,28,57,0,49,67459786
9992,8,12,47,0,39,23183458
9993,6,23,52,0,44,14956135
9994,8,24,59,0,51,62739501
9995,8,24,59,1,47,03498558
9996,8,24,59,0,51,53767648
9997,8,22,57,0,49,59972862
9998,8,13,48,0,40,49488457
9999,8,22,57,1,45,84981644
